series_id,timestep,dim_0,label
0,0,-0.46427649,1
0,1,-0.55504787,1
0,2,-0.8428431,1
0,3,-0.86589548,1
0,4,-0.93639631,1
0,5,-0.81726995,1
0,6,-0.26361216,1
0,7,-1.2580483,1
0,8,-1.2503934,1
0,9,-0.91830825,1
0,10,-0.92210226,1
0,11,-0.98448828,1
0,12,-1.2880511,1
0,13,-1.14346,1
0,14,-1.0488611,1
0,15,-0.36538582,1
0,16,-0.6913952,1
0,17,-0.98055025,1
0,18,-0.99133601,1
0,19,-0.88708673,1
0,20,-1.109881,1
0,21,-0.7687248,1
0,22,-1.0102962,1
0,23,-0.84699606,1
0,24,-1.3277464,1
0,25,-0.7129093,1
0,26,-1.2977275,1
0,27,1.3314643,1
0,28,0.9357379,1
0,29,1.2360468,1
0,30,1.0560677,1
0,31,0.91074495,1
0,32,1.3713479,1
0,33,0.93705876,1
0,34,0.91029198,1
0,35,0.93108664,1
0,36,1.4937796,1
0,37,1.3192656,1
0,38,1.2190887,1
0,39,0.94836262,1
0,40,0.16902251,1
0,41,0.97739879,1
0,42,1.2301476,1
0,43,0.57156683,1
0,44,0.75134091,1
0,45,0.96185121,1
0,46,0.7813122,1
0,47,1.1044295,1
0,48,1.0003177,1
0,49,0.5507251,1
0,50,0.2688748,1
0,51,1.1255209,1
0,52,1.0758635,1
0,53,1.071738,1
0,54,1.1544819,1
0,55,0.75940186,1
0,56,0.1511864,1
0,57,1.0202768,1
0,58,1.2572739,1
0,59,1.007149,1
0,60,1.1624171,1
0,61,0.82999734,1
0,62,1.4850935,1
0,63,1.1050903,1
0,64,1.5393173,1
0,65,1.1156157,1
0,66,1.8913625,1
0,67,1.3900586,1
0,68,1.1566925,1
0,69,1.5148579,1
0,70,1.6335918,1
0,71,0.8102606,1
0,72,0.67666423,1
0,73,0.7093935,1
0,74,1.3614136,1
0,75,1.3123797,1
0,76,0.59160823,1
0,77,0.83192841,1
0,78,1.0970562,1
0,79,0.96495583,1
0,80,0.92592252,1
0,81,1.236138,1
0,82,1.1216699,1
0,83,0.934699,1
0,84,1.2165038,1
0,85,-1.6066345,1
0,86,-0.59477544,1
0,87,-0.75663256,1
0,88,-0.56605888,1
0,89,-0.64849922,1
0,90,-0.65649255,1
0,91,-0.53225104,1
0,92,-0.11504817,1
0,93,-0.57315237,1
0,94,-0.54118282,1
0,95,-0.70008673,1
0,96,-1.198927,1
0,97,-0.95269931,1
0,98,-0.99828204,1
0,99,-0.82499015,1
0,100,-0.38078029,1
0,101,-0.47659767,1
0,102,-0.60136144,1
0,103,-0.36936332,1
0,104,-1.2990449,1
0,105,-0.91839479,1
0,106,-1.2648127,1
0,107,-0.99193767,1
0,108,-0.80557657,1
0,109,-0.9209508,1
0,110,-0.36623347,1
0,111,-0.34636283,1
0,112,-1.0469164,1
0,113,-0.91466684,1
0,114,-0.91156991,1
0,115,-0.98677519,1
0,116,-1.2189544,1
0,117,-0.52962015,1
0,118,-1.3310856,1
0,119,-1.0837,1
0,120,-1.0179615,1
0,121,-0.91602872,1
0,122,-1.1342892,1
0,123,-0.92022369,1
0,124,-0.7893615,1
0,125,-0.63870583,1
0,126,-0.96366425,1
0,127,-1.2451691,1
0,128,-0.89697208,1
0,129,-0.68568553,1
0,130,-1.3513818,1
0,131,-1.4586668,1
0,132,-1.1653456,1
0,133,-1.4039293,1
0,134,-1.8217996,1
0,135,-0.83160109,1
0,136,-1.0163124,1
0,137,-0.8035304,1
0,138,-1.2595048,1
0,139,-1.1392341,1
0,140,-0.87865203,1
0,141,-1.5487249,1
0,142,-0.9241581,1
0,143,-1.3954822,1
0,144,0.77660864,1
0,145,1.1007268,1
0,146,1.1898043,1
0,147,0.37514764,1
0,148,0.94718837,1
0,149,0.8037129,1
0,150,1.1572852,1
0,151,0.88679201,1
0,152,1.0371525,1
0,153,0.81501468,1
0,154,0.79083989,1
0,155,0.54121132,1
0,156,0.85833113,1
0,157,0.6733739,1
0,158,0.44458719,1
0,159,-0.12183138,1
0,160,0.91967102,1
0,161,0.89427478,1
0,162,0.80638547,1
0,163,0.5112767,1
0,164,1.3442117,1
0,165,0.52779297,1
0,166,0.87990115,1
0,167,0.46565962,1
0,168,1.2067151,1
0,169,1.1078581,1
0,170,0.45690166,1
0,171,1.1775873,1
0,172,1.0002784,1
0,173,0.47618669,1
0,174,0.054943551,1
0,175,0.44948949,1
0,176,1.3881744,1
0,177,0.96731215,1
0,178,0.935913,1
0,179,0.83772833,1
0,180,0.91058116,1
0,181,1.3660553,1
0,182,1.0687999,1
0,183,0.75227263,1
0,184,0.57201394,1
0,185,1.0940482,1
0,186,0.64761495,1
0,187,0.52963184,1
0,188,0.49755932,1
0,189,0.52642423,1
0,190,1.1162464,1
0,191,0.66113631,1
0,192,1.2357508,1
0,193,0.31843227,1
0,194,0.83835116,1
0,195,0.74050564,1
0,196,0.020784929,1
0,197,1.0730881,1
0,198,0.58364943,1
0,199,0.52286438,1
0,200,0.76806246,1
0,201,0.027951249,1
0,202,0.53486554,1
0,203,1.1600764,1
0,204,0.67329933,1
0,205,0.51511586,1
0,206,0.73101048,1
0,207,0.5570519,1
0,208,0.67391781,1
0,209,0.73782329,1
0,210,0.75758656,1
0,211,0.61341014,1
0,212,0.84436953,1
0,213,0.23092281,1
0,214,0.81072267,1
0,215,0.46563657,1
0,216,1.0585618,1
0,217,1.0508045,1
0,218,0.26099808,1
0,219,0.52559198,1
0,220,0.74542894,1
0,221,1.2730537,1
0,222,-1.4380408,1
0,223,-1.0470122,1
0,224,-1.2866546,1
0,225,-1.4821578,1
0,226,-1.5307109,1
0,227,-0.78511009,1
0,228,-0.9609462,1
0,229,-1.1873674,1
0,230,-1.2784164,1
0,231,-1.6042832,1
0,232,-1.0709812,1
0,233,-1.6754713,1
0,234,-1.3659584,1
0,235,-0.75949943,1
0,236,-1.2358024,1
0,237,-0.92424488,1
0,238,-0.42304976,1
0,239,-0.79458906,1
0,240,-0.56249325,1
0,241,-1.149179,1
0,242,-1.5818938,1
0,243,-1.776748,1
0,244,-1.0813674,1
0,245,-1.7331049,1
0,246,-1.0625534,1
0,247,-1.5686762,1
0,248,-1.3640403,1
0,249,-1.1551774,1
0,250,-0.99586114,1
0,251,-1.1637529,1
0,252,-0.91652327,1
0,253,-0.58209806,1
0,254,-1.2590094,1
0,255,-1.3925241,1
0,256,-0.46469596,1
0,257,-0.56773891,1
0,258,-0.032022764,1
0,259,-0.63504562,1
0,260,-0.60282554,1
0,261,-0.26685628,1
0,262,-0.26706128,1
0,263,-0.9310423,1
0,264,-0.44938186,1
0,265,-0.721342,1
0,266,-0.39727192,1
0,267,-0.96212589,1
0,268,-1.4206669,1
0,269,-0.78343411,1
0,270,-0.46238569,1
0,271,-1.1762238,1
0,272,-0.50163816,1
0,273,-0.584869,1
0,274,-0.57916338,1
0,275,-0.92129812,1
0,276,-0.71637765,1
0,277,-0.54778741,1
0,278,-0.99084424,1
0,279,-0.1464663,1
0,280,-0.72003478,1
0,281,1.158976,1
0,282,0.67671541,1
0,283,1.4286689,1
0,284,1.4453657,1
0,285,1.3205576,1
0,286,1.4358162,1
0,287,1.6939661,1
0,288,1.4803887,1
0,289,1.4028043,1
0,290,1.8014574,1
0,291,1.5814726,1
0,292,1.5377314,1
0,293,1.3303783,1
0,294,1.0161996,1
0,295,1.4841267,1
0,296,1.5328158,1
0,297,1.0457726,1
0,298,1.4242055,1
0,299,1.0835608,1
0,300,1.5208966,1
0,301,1.2577513,1
0,302,1.749913,1
0,303,1.2473777,1
0,304,1.0419142,1
0,305,0.94787535,1
0,306,1.0744766,1
0,307,0.9034059,1
0,308,1.5118825,1
0,309,1.3927594,1
0,310,1.3001539,1
0,311,0.83813719,1
0,312,1.2572091,1
0,313,1.2913822,1
0,314,0.93309089,1
0,315,1.1321494,1
0,316,1.298867,1
0,317,1.0872863,1
0,318,0.88443021,1
0,319,1.7116547,1
0,320,1.8816051,1
0,321,2.0142497,1
0,322,1.3582739,1
0,323,1.7428998,1
0,324,-0.19463403,1
0,325,-0.69161289,1
0,326,-0.78410605,1
0,327,-1.0456777,1
0,328,-0.91260367,1
0,329,-0.63809814,1
0,330,-0.51336585,1
0,331,-0.71901813,1
0,332,-0.62510201,1
0,333,-1.0947156,1
0,334,-0.40827834,1
0,335,-0.84970078,1
0,336,-0.34610102,1
0,337,-0.5330766,1
0,338,-0.29911195,1
0,339,-0.95372887,1
0,340,-1.016798,1
0,341,-0.6437622,1
0,342,-0.18258826,1
0,343,-0.59371171,1
0,344,-0.95491166,1
0,345,-0.83566602,1
0,346,-0.068534801,1
0,347,-0.99655287,1
0,348,-0.57530227,1
0,349,-0.87850965,1
0,350,-0.57300108,1
0,351,-1.3124475,1
0,352,-0.76434711,1
0,353,-1.298105,1
0,354,-0.66551315,1
0,355,-1.1346855,1
0,356,-0.75601977,1
0,357,-0.2016297,1
0,358,-0.52347124,1
0,359,-0.54736059,1
0,360,-0.64955961,1
0,361,-0.50296123,1
0,362,-1.0486008,1
0,363,-0.42731485,1
0,364,-0.52852383,1
0,365,-0.37242231,1
0,366,-0.53581141,1
0,367,-1.0670652,1
0,368,-0.27533836,1
0,369,-1.2613407,1
0,370,-0.64488319,1
0,371,-0.64730097,1
0,372,-0.61908114,1
0,373,-1.5555533,1
0,374,-0.28672132,1
0,375,-0.63715759,1
0,376,-0.15526015,1
0,377,-0.68812931,1
0,378,-0.88560876,1
0,379,-0.76623926,1
0,380,-0.86531525,1
0,381,-0.2844857,1
0,382,-0.68788913,1
0,383,-0.88760835,1
0,384,-0.18718975,3
0,385,-0.62080772,3
0,386,-0.8156607,3
0,387,-0.52139796,3
0,388,-0.7904229,3
0,389,-0.96751744,3
0,390,-1.4870063,3
0,391,-0.27788714,3
0,392,-0.83507474,3
0,393,0.050591042,3
0,394,-0.81116835,3
0,395,-1.2260083,3
0,396,-0.66836044,3
0,397,-0.7766806,3
0,398,0.064061697,3
0,399,-1.2536498,3
0,400,-0.78899054,3
0,401,-0.93422178,3
0,402,-1.093595,3
0,403,-0.60790424,3
0,404,-0.70272797,3
0,405,0.018322662,3
0,406,2.9755749,3
0,407,2.6772836,3
0,408,2.3958002,3
0,409,1.4215092,3
0,410,1.977175,3
0,411,2.5777637,3
0,412,1.7979973,3
0,413,2.0809778,3
0,414,2.4283404,3
0,415,2.0555506,3
0,416,1.8967239,3
0,417,1.5432423,3
0,418,1.4445971,3
0,419,1.8116056,3
0,420,1.9956928,3
0,421,1.2824535,3
0,422,1.1622186,3
0,423,0.63753639,3
0,424,1.1706085,3
0,425,1.9631356,3
0,426,0.77109913,3
0,427,1.3564084,3
0,428,1.0688878,3
0,429,0.96622252,3
0,430,0.63150802,3
0,431,1.3243248,3
0,432,0.57754829,3
0,433,0.61924619,3
0,434,0.70973118,3
0,435,0.71686112,3
0,436,0.064235197,3
0,437,0.7860755,3
0,438,0.4293552,3
0,439,-0.12929447,3
0,440,0.26692621,3
0,441,-0.22292191,3
0,442,-0.52256375,3
0,443,-0.1557771,3
0,444,-0.98339485,3
0,445,-0.17329176,3
0,446,-0.1129916,3
0,447,0.068609936,3
0,448,0.062064246,3
0,449,-0.98737725,3
0,450,-0.15782312,3
0,451,-0.87530832,3
0,452,-0.66774572,3
0,453,-0.75006786,3
0,454,-0.64379824,3
0,455,-0.22634059,3
0,456,-1.0331616,3
0,457,-1.097429,3
0,458,-0.079633469,3
0,459,-0.69675432,3
0,460,-0.12881874,3
0,461,-0.38258671,3
0,462,-0.62352101,3
0,463,0.082143312,3
0,464,-0.60174991,3
0,465,-0.80802295,3
0,466,-0.68654657,3
0,467,-0.75632934,3
0,468,0.25401883,3
0,469,0.16849676,3
0,470,-0.89879383,3
0,471,0.31496567,3
0,472,-0.64039093,3
0,473,0.054908869,3
0,474,-1.0610227,3
0,475,-0.11451285,3
0,476,-0.42844578,3
0,477,-0.22686661,3
0,478,-0.54112199,3
0,479,-0.53973069,3
0,480,-0.14083218,3
0,481,-1.0528451,3
0,482,-0.031281577,3
0,483,-0.29194234,3
0,484,-0.33121468,3
0,485,-0.84529663,3
0,486,-0.32301285,3
0,487,-1.7707148,3
0,488,-0.35247098,3
0,489,-0.80546958,3
0,490,-1.1035997,3
0,491,0.0432535,3
0,492,-0.14961907,3
0,493,-0.11649553,3
0,494,-0.30163771,3
0,495,0.68454403,3
0,496,-0.86974124,3
0,497,-0.23256939,3
0,498,-0.099145246,3
0,499,-0.62664079,3
0,500,-0.67594493,3
0,501,-0.13114944,3
0,502,-0.90861539,3
0,503,-0.72628649,3
0,504,0.18377755,3
0,505,-0.73744409,3
0,506,-1.1139967,3
0,507,-0.39398661,3
0,508,-0.5878895,3
0,509,-0.60823187,3
0,510,-0.63646459,3
0,511,-0.34902865,3
0,512,-1.1360166,2
0,513,-1.3191953,2
0,514,-1.8446238,2
0,515,-0.78869178,2
0,516,-0.2517154,2
0,517,-1.4876032,2
0,518,-0.66876407,2
0,519,-0.34036037,2
0,520,-1.0463815,2
0,521,-0.31221353,2
0,522,-1.0314417,2
0,523,-1.200578,2
0,524,-0.65047603,2
0,525,-1.6195842,2
0,526,-0.41275132,2
0,527,-1.0506705,2
0,528,-1.1751243,2
0,529,-0.42783798,2
0,530,-1.2002837,2
0,531,-0.58726538,2
0,532,-1.1734667,2
0,533,-0.31876559,2
0,534,-1.7099666,2
0,535,-1.6916216,2
0,536,-1.0547829,2
0,537,-1.3315449,2
0,538,-0.68978191,2
0,539,-0.74499051,2
0,540,-0.98390993,2
0,541,-1.191218,2
0,542,-0.54900341,2
0,543,0.58491821,2
0,544,-0.59228439,2
0,545,-0.7627931,2
0,546,-0.28296076,2
0,547,-0.43538394,2
0,548,0.12619921,2
0,549,-0.32895937,2
0,550,-1.4540955,2
0,551,-0.52808624,2
0,552,-0.090953766,2
0,553,0.079060275,2
0,554,-1.1441439,2
0,555,-1.0339176,2
0,556,-0.45585968,2
0,557,-0.53545457,2
0,558,-0.1334809,2
0,559,-0.23433913,2
0,560,0.05169767,2
0,561,0.70200814,2
0,562,0.23651687,2
0,563,0.45185518,2
0,564,-0.72237534,2
0,565,-1.2432526,2
0,566,0.46189042,2
0,567,0.53188484,2
0,568,0.36115854,2
0,569,0.035405192,2
0,570,0.31540263,2
0,571,0.53942624,2
0,572,0.18157946,2
0,573,-0.38117853,2
0,574,-0.038683201,2
0,575,0.58428663,2
0,576,-0.32397229,2
0,577,0.028542624,2
0,578,-0.11024854,2
0,579,-0.090853585,2
0,580,0.34444066,2
0,581,0.29367315,2
0,582,0.76985943,2
0,583,0.46189843,2
0,584,0.25674241,2
0,585,1.1647008,2
0,586,0.61771557,2
0,587,-0.2402001,2
0,588,0.67361208,2
0,589,0.20979055,2
0,590,0.75110981,2
0,591,1.0555208,2
0,592,-0.019858418,2
0,593,0.41397862,2
0,594,0.95529261,2
0,595,0.30307209,2
0,596,0.22678269,2
0,597,1.2696688,2
0,598,1.0237819,2
0,599,0.61068148,2
0,600,0.62766564,2
0,601,0.80483652,2
0,602,1.2576258,2
0,603,0.27824332,2
0,604,1.0116593,2
0,605,0.9481706,2
0,606,1.3131494,2
0,607,1.0568914,2
0,608,0.86802673,2
0,609,0.67285114,2
0,610,1.1699006,2
0,611,2.1533316,2
0,612,1.7303024,2
0,613,1.7757813,2
0,614,1.3131522,2
0,615,1.7217679,2
0,616,1.3942813,2
0,617,1.6833179,2
0,618,1.6204521,2
0,619,1.0843436,2
0,620,1.2366574,2
0,621,1.5008807,2
0,622,1.2621757,2
0,623,1.4077033,2
0,624,1.0258798,2
0,625,1.9108007,2
0,626,1.5197333,2
0,627,1.5488365,2
0,628,1.8204821,2
0,629,-1.5965186,2
0,630,-1.182911,2
0,631,-1.0735136,2
0,632,-1.6113624,2
0,633,-1.0643404,2
0,634,-0.97073635,2
0,635,-0.82728087,2
0,636,-0.95353773,2
0,637,-1.2701854,2
0,638,-1.7427579,2
0,639,-0.92594391,2
0,640,-0.56870868,2
0,641,-0.88811805,2
0,642,-0.047976584,2
0,643,-0.038036109,2
0,644,-0.48306827,2
0,645,-1.0946887,2
0,646,-0.95345287,2
0,647,-0.030006881,2
0,648,-0.79545456,2
0,649,-0.51445458,2
0,650,-0.71876142,2
0,651,-0.51627228,2
0,652,-1.0740292,2
0,653,-0.43143528,2
0,654,-0.70491401,2
0,655,0.081199243,2
0,656,-0.18071334,2
0,657,-0.41380542,2
0,658,-1.2541398,2
0,659,0.62861272,2
0,660,0.10925689,2
0,661,-0.40352451,2
0,662,0.29848983,2
0,663,-1.0170097,2
0,664,0.1060293,2
0,665,-0.32393784,2
0,666,-0.88263273,2
0,667,-0.078209774,2
0,668,-0.47673375,2
0,669,0.30925792,2
0,670,-0.68720484,2
0,671,-0.047918279,2
0,672,0.043894441,2
0,673,-0.24588905,2
0,674,1.4838271,2
0,675,0.47106999,2
0,676,-0.22834216,2
0,677,0.62188246,2
0,678,0.85074754,2
0,679,0.44598501,2
0,680,0.67410028,2
0,681,0.4381375,2
0,682,1.3025001,2
0,683,1.5158618,2
0,684,1.0840099,2
0,685,0.5290753,2
0,686,1.0051872,2
0,687,1.2504343,2
0,688,1.8793513,2
0,689,1.2464359,2
0,690,0.97652281,2
0,691,1.0508488,2
0,692,1.7077134,2
0,693,0.77998733,2
0,694,0.808501,2
0,695,1.9589051,2
0,696,2.5223094,2
0,697,1.6504349,2
0,698,1.9575071,2
0,699,1.9149208,2
0,700,1.9881925,2
0,701,2.3885283,2
0,702,2.6563402,2
0,703,3.2445649,2
0,704,2.5338502,2
0,705,2.2126811,2
0,706,-0.50017997,2
0,707,0.13632626,2
0,708,-0.1441732,2
0,709,0.10614366,2
0,710,-0.086865892,2
0,711,-1.2128345,2
0,712,0.052023116,2
0,713,0.28845924,2
0,714,-1.779425,2
0,715,-0.51452533,2
0,716,-0.61662303,2
0,717,-1.0129302,2
0,718,0.12700365,2
0,719,-0.9401846,2
0,720,-0.57215784,2
0,721,-0.4926672,2
0,722,-1.154128,2
0,723,-0.5546875,2
0,724,-1.4167936,2
0,725,-0.72366355,2
0,726,-0.4996501,2
0,727,-0.15871588,2
0,728,-0.021429563,2
0,729,-0.11397757,2
0,730,-1.606342,2
0,731,-0.43054809,2
0,732,-0.054970458,2
0,733,-1.4477832,2
0,734,0.040901319,2
0,735,-1.2090535,2
0,736,-0.66597733,2
0,737,0.17587064,2
0,738,-1.07419,2
0,739,-1.1357511,2
0,740,-0.85132687,2
0,741,-0.47887339,2
0,742,-1.2767027,2
0,743,0.019725047,2
0,744,-0.369314,2
0,745,-0.82186455,2
0,746,-0.80150441,2
0,747,-0.17233083,2
0,748,-0.60426942,2
0,749,-0.44592446,2
0,750,-0.44231209,2
0,751,0.0055312883,2
0,752,-0.96598956,2
0,753,-0.078308797,2
0,754,-0.53922905,2
0,755,-0.60782592,2
0,756,0.029041713,2
0,757,0.043836515,2
0,758,-0.99073975,2
0,759,0.51837462,2
0,760,-0.22856277,2
0,761,-0.56528868,2
0,762,-0.64299796,2
0,763,-1.1094278,2
0,764,-0.10109322,2
0,765,-0.23394901,2
0,766,-0.61982693,2
0,767,-0.083061887,2
0,768,-0.96583857,1
0,769,-1.6445832,1
0,770,-1.8059354,1
0,771,-1.4996576,1
0,772,-0.92008793,1
0,773,-1.1157058,1
0,774,-0.65019532,1
0,775,-0.91876634,1
0,776,-1.234708,1
0,777,-0.765662,1
0,778,-1.2495334,1
0,779,-1.7374618,1
0,780,-1.5279887,1
0,781,-0.079232916,1
0,782,-1.7740892,1
0,783,-1.4501069,1
0,784,-0.9725906,1
0,785,-1.1061039,1
0,786,-0.58549992,1
0,787,0.65617666,1
0,788,0.94089133,1
0,789,0.12330073,1
0,790,0.94435084,1
0,791,0.96544329,1
0,792,0.65410243,1
0,793,1.1691103,1
0,794,1.2845549,1
0,795,0.34596186,1
0,796,0.73807776,1
0,797,0.27179429,1
0,798,0.72811836,1
0,799,0.79492296,1
0,800,1.0091565,1
0,801,0.7691433,1
0,802,1.1298219,1
0,803,1.3305917,1
0,804,0.82651334,1
0,805,0.37205588,1
0,806,0.98891143,1
0,807,0.87252551,1
0,808,0.73939406,1
0,809,0.60514628,1
0,810,0.99366561,1
0,811,0.93322375,1
0,812,1.4217209,1
0,813,1.3159995,1
0,814,1.2065395,1
0,815,1.1228118,1
0,816,0.7358093,1
0,817,0.51280187,1
0,818,0.85147774,1
0,819,0.51404509,1
0,820,0.20156864,1
0,821,1.6538373,1
0,822,1.036961,1
0,823,1.1578274,1
0,824,0.70534037,1
0,825,0.98197564,1
0,826,0.6789268,1
0,827,0.59665527,1
0,828,1.3834939,1
0,829,1.0100946,1
0,830,0.64604429,1
0,831,0.69310586,1
0,832,0.4970414,1
0,833,0.72706147,1
0,834,0.61521183,1
0,835,1.4007762,1
0,836,0.86912179,1
0,837,0.63835202,1
0,838,0.86642328,1
0,839,0.6384956,1
0,840,0.70404453,1
0,841,1.1363315,1
0,842,1.2837752,1
0,843,0.3864867,1
0,844,0.71874969,1
0,845,0.71997736,1
0,846,0.37895821,1
0,847,0.49499763,1
0,848,0.7687245,1
0,849,1.1050209,1
0,850,0.69508478,1
0,851,1.2433819,1
0,852,0.60760536,1
0,853,0.90821337,1
0,854,0.70483591,1
0,855,1.2331982,1
0,856,0.88166856,1
0,857,0.79020946,1
0,858,-1.3857184,1
0,859,-1.1628863,1
0,860,-1.6174729,1
0,861,-0.83018522,1
0,862,-0.75270226,1
0,863,-1.3356085,1
0,864,-0.56848558,1
0,865,-1.0947592,1
0,866,-0.81530256,1
0,867,-0.83135334,1
0,868,-0.76034898,1
0,869,-1.4364913,1
0,870,-0.79126424,1
0,871,-0.89178136,1
0,872,-1.7557683,1
0,873,-0.98050679,1
0,874,-1.3844787,1
0,875,-0.91328611,1
0,876,-1.321919,1
0,877,-0.98416647,1
0,878,-0.84501669,1
0,879,-0.37496782,1
0,880,-0.50818539,1
0,881,-0.89320976,1
0,882,-1.2363849,1
0,883,-0.83926403,1
0,884,-0.74595696,1
0,885,-0.77100499,1
0,886,-1.0725346,1
0,887,-1.0630339,1
0,888,-1.3165634,1
0,889,-0.7357389,1
0,890,-1.0521517,1
0,891,-0.96046486,1
0,892,-1.1335659,1
0,893,-0.61034365,1
0,894,-1.1652195,1
0,895,-0.68589892,1
0,896,-0.26430177,3
0,897,-0.29092547,3
0,898,-0.59856716,3
0,899,-0.51886312,3
0,900,-0.48859389,3
0,901,-0.40709142,3
0,902,-1.0714885,3
0,903,-1.0957057,3
0,904,-0.58450283,3
0,905,-1.0579088,3
0,906,-1.2733656,3
0,907,-0.54356665,3
0,908,-0.71343161,3
0,909,-0.70303256,3
0,910,-0.74443222,3
0,911,1.9816132,3
0,912,1.6268814,3
0,913,1.8749989,3
0,914,2.4378736,3
0,915,1.4256901,3
0,916,1.6729608,3
0,917,1.6064739,3
0,918,1.9180064,3
0,919,1.6707558,3
0,920,2.5869829,3
0,921,2.8834608,3
0,922,1.6354691,3
0,923,0.87473842,3
0,924,1.921256,3
0,925,1.0056443,3
0,926,1.594676,3
0,927,1.7274531,3
0,928,1.5024944,3
0,929,1.9561263,3
0,930,1.0552201,3
0,931,1.0246788,3
0,932,0.65256714,3
0,933,0.59614373,3
0,934,1.6412489,3
0,935,0.45529184,3
0,936,1.6680644,3
0,937,1.4892405,3
0,938,0.5727659,3
0,939,1.0415091,3
0,940,0.50031883,3
0,941,0.33889612,3
0,942,0.52844496,3
0,943,-0.61851504,3
0,944,0.14136337,3
0,945,0.96112478,3
0,946,0.4253932,3
0,947,0.24802186,3
0,948,0.92684596,3
0,949,-0.070188438,3
0,950,0.36451597,3
0,951,-0.47655087,3
0,952,0.62904738,3
0,953,0.90695739,3
0,954,-0.096148713,3
0,955,-0.77196287,3
0,956,-0.048605278,3
0,957,-0.34020231,3
0,958,-0.46102363,3
0,959,-0.77281108,3
0,960,-0.24257945,3
0,961,0.15549482,3
0,962,-0.25178655,3
0,963,-0.30365765,3
0,964,0.43418061,3
0,965,-0.69933904,3
0,966,-0.61802117,3
0,967,0.37750898,3
0,968,-1.3355021,3
0,969,-0.3697338,3
0,970,-0.5588992,3
0,971,-0.21277602,3
0,972,-0.91734999,3
0,973,-0.8208569,3
0,974,-0.55675262,3
0,975,0.23776249,3
0,976,-0.25729069,3
0,977,-0.7700356,3
0,978,-0.12469113,3
0,979,-0.27058094,3
0,980,-0.73298115,3
0,981,-2.2955199,3
0,982,-0.52340239,3
0,983,-0.54268575,3
0,984,-0.72565473,3
0,985,-0.27888823,3
0,986,-0.58308652,3
0,987,-0.92216736,3
0,988,-0.65728573,3
0,989,-0.49785969,3
0,990,-0.53204225,3
0,991,-0.33290734,3
0,992,-1.346463,3
0,993,-0.25208281,3
0,994,-0.001863708,3
0,995,-1.1735002,3
0,996,-0.084336973,3
0,997,-0.17855893,3
0,998,-0.26426014,3
0,999,-0.55089842,3
0,1000,-0.83157774,3
0,1001,-0.38986338,3
0,1002,-0.91872075,3
0,1003,-0.6140899,3
0,1004,-0.36568329,3
0,1005,-1.3958669,3
0,1006,-1.3833928,3
0,1007,-0.22620111,3
0,1008,0.19321364,3
0,1009,-0.49249554,3
0,1010,-1.1573979,3
0,1011,-0.77052701,3
0,1012,-0.8282208,3
0,1013,-0.83609388,3
0,1014,-1.1660852,3
0,1015,-0.19188009,3
0,1016,-0.12291072,3
0,1017,-0.70074636,3
0,1018,-0.58787039,3
0,1019,-0.76991747,3
0,1020,0.19209267,3
0,1021,-1.4431544,3
0,1022,-1.0394812,3
0,1023,-0.63120869,3
0,1024,-0.80371556,2
0,1025,-0.048160532,2
0,1026,-1.2992782,2
0,1027,-1.0722798,2
0,1028,-1.004018,2
0,1029,-0.51145233,2
0,1030,-1.1732155,2
0,1031,-0.42206193,2
0,1032,-0.77931962,2
0,1033,-1.0305855,2
0,1034,-0.93986722,2
0,1035,-0.31624486,2
0,1036,-1.0157915,2
0,1037,-0.83954942,2
0,1038,-0.88175329,2
0,1039,-0.52385893,2
0,1040,-1.4943161,2
0,1041,-0.97704229,2
0,1042,-1.1854062,2
0,1043,-0.53754605,2
0,1044,-0.90970421,2
0,1045,-0.99280885,2
0,1046,-0.14404907,2
0,1047,-0.41761158,2
0,1048,-0.92892552,2
0,1049,-0.98542965,2
0,1050,-0.74808792,2
0,1051,-1.1212723,2
0,1052,-0.59163954,2
0,1053,-0.57610482,2
0,1054,-0.34304568,2
0,1055,-0.19215621,2
0,1056,-0.63897524,2
0,1057,0.05817203,2
0,1058,0.39465613,2
0,1059,0.14286705,2
0,1060,-0.7212354,2
0,1061,-0.47093988,2
0,1062,-0.50914576,2
0,1063,0.62108359,2
0,1064,0.31205825,2
0,1065,-0.64008943,2
0,1066,0.12299694,2
0,1067,-0.37004147,2
0,1068,0.22541113,2
0,1069,-0.33374307,2
0,1070,-0.23195265,2
0,1071,0.192395,2
0,1072,0.83494802,2
0,1073,0.80722088,2
0,1074,0.41289603,2
0,1075,0.53196335,2
0,1076,0.066785425,2
0,1077,0.47771411,2
0,1078,0.84441627,2
0,1079,-0.11677841,2
0,1080,1.6858442,2
0,1081,-0.092232764,2
0,1082,1.4620247,2
0,1083,0.58319725,2
0,1084,0.76024985,2
0,1085,0.89615231,2
0,1086,1.0448882,2
0,1087,1.5225677,2
0,1088,0.13318418,2
0,1089,0.85029089,2
0,1090,1.1278408,2
0,1091,0.57158159,2
0,1092,1.2333739,2
0,1093,0.93537058,2
0,1094,0.10485428,2
0,1095,1.6569312,2
0,1096,1.4805752,2
0,1097,1.217933,2
0,1098,1.6881445,2
0,1099,1.3160911,2
0,1100,1.1768394,2
0,1101,0.75154982,2
0,1102,1.6960512,2
0,1103,1.2029986,2
0,1104,2.2688814,2
0,1105,1.5618377,2
0,1106,1.1802266,2
0,1107,1.507661,2
0,1108,1.574161,2
0,1109,2.2195771,2
0,1110,1.9527089,2
0,1111,1.5847928,2
0,1112,1.400484,2
0,1113,2.4219723,2
0,1114,1.9790782,2
0,1115,1.5745662,2
0,1116,1.8392649,2
0,1117,-0.39215454,2
0,1118,-0.62550815,2
0,1119,-1.3916833,2
0,1120,-0.60842231,2
0,1121,-0.76520138,2
0,1122,-0.92756696,2
0,1123,-1.0459406,2
0,1124,-0.89982213,2
0,1125,0.0079994621,2
0,1126,-1.0655061,2
0,1127,-0.25011661,2
0,1128,-0.55861856,2
0,1129,-0.65189897,2
0,1130,0.028629425,2
0,1131,-0.8123752,2
0,1132,-0.79399811,2
0,1133,-1.0074848,2
0,1134,-0.72315972,2
0,1135,-0.62681193,2
0,1136,-0.48690741,2
0,1137,-0.27488328,2
0,1138,-0.76919638,2
0,1139,-0.9236149,2
0,1140,-1.1266212,2
0,1141,-0.054434835,2
0,1142,-1.8488276,2
0,1143,-0.54943211,2
0,1144,-0.96826931,2
0,1145,-0.35398297,2
0,1146,-0.59589164,2
0,1147,-0.60619449,2
0,1148,-0.86444414,2
0,1149,-0.70619191,2
0,1150,-1.3886558,2
0,1151,-0.65071018,2
0,1152,-1.1864222,1
0,1153,-0.89319697,1
0,1154,-0.97773692,1
0,1155,-0.63410927,1
0,1156,-1.3848198,1
0,1157,-1.2719261,1
0,1158,-1.2121711,1
0,1159,-1.4527917,1
0,1160,-0.93441701,1
0,1161,-1.1184247,1
0,1162,-1.2555297,1
0,1163,-0.55306942,1
0,1164,-0.84833881,1
0,1165,-0.59113391,1
0,1166,-0.95791379,1
0,1167,-1.1294229,1
0,1168,-0.9333856,1
0,1169,-0.58903566,1
0,1170,-0.58371528,1
0,1171,-1.1014271,1
0,1172,0.95476609,1
0,1173,0.4677592,1
0,1174,0.70443666,1
0,1175,0.57508016,1
0,1176,0.7102151,1
0,1177,0.91155929,1
0,1178,1.2105112,1
0,1179,0.36599212,1
0,1180,0.90830843,1
0,1181,0.87728523,1
0,1182,1.1673055,1
0,1183,0.63502291,1
0,1184,0.69802271,1
0,1185,1.0381243,1
0,1186,1.241403,1
0,1187,1.1632207,1
0,1188,1.5124796,1
0,1189,0.81784859,1
0,1190,0.66386613,1
0,1191,1.7044564,1
0,1192,0.75935581,1
0,1193,0.7499706,1
0,1194,0.83270427,1
0,1195,1.2227109,1
0,1196,0.90232881,1
0,1197,1.1781278,1
0,1198,0.54886681,1
0,1199,0.56644203,1
0,1200,0.76870242,1
0,1201,1.0623493,1
0,1202,0.18623487,1
0,1203,-0.11948312,1
0,1204,0.95585314,1
0,1205,0.51158409,1
0,1206,1.462712,1
0,1207,1.1588606,1
0,1208,0.75850279,1
0,1209,0.45966952,1
0,1210,0.98474029,1
0,1211,0.80175065,1
0,1212,1.7173295,1
0,1213,0.9307224,1
0,1214,1.0411007,1
0,1215,1.4962874,1
0,1216,1.2666155,1
0,1217,0.73145943,1
0,1218,1.0237892,1
0,1219,0.93556412,1
0,1220,0.39382371,1
0,1221,1.1901373,1
0,1222,0.85285641,1
0,1223,0.89362806,1
0,1224,0.35903731,1
0,1225,0.35618625,1
0,1226,0.86502129,1
0,1227,0.74456223,1
0,1228,1.5008393,1
0,1229,1.4479109,1
0,1230,0.49838391,1
0,1231,0.43684546,1
0,1232,0.93109738,1
0,1233,0.90552032,1
0,1234,0.55607449,1
0,1235,0.9899975,1
0,1236,0.8946919,1
0,1237,1.5009818,1
0,1238,0.7706914,1
0,1239,0.75863546,1
0,1240,-1.1436141,1
0,1241,-1.0805613,1
0,1242,-0.95205716,1
0,1243,-1.2515097,1
0,1244,-0.91261756,1
0,1245,-1.0911168,1
0,1246,-0.82779204,1
0,1247,-1.0440469,1
0,1248,-0.65014,1
0,1249,-1.0914775,1
0,1250,-0.31658968,1
0,1251,-0.431276,1
0,1252,-0.77623122,1
0,1253,-1.2922831,1
0,1254,-1.4572163,1
0,1255,-1.0416015,1
0,1256,-1.1288245,1
0,1257,-0.77138566,1
0,1258,-0.91691058,1
0,1259,-0.61768064,1
0,1260,-0.33805487,1
0,1261,-0.79184475,1
0,1262,-1.0550173,1
0,1263,-1.5572912,1
0,1264,-1.3470454,1
0,1265,-1.4064534,1
0,1266,-1.2348963,1
0,1267,-1.1200534,1
0,1268,-0.72825908,1
0,1269,-1.1416243,1
0,1270,-0.85689341,1
0,1271,-1.217625,1
0,1272,-0.82365374,1
0,1273,-1.2804516,1
0,1274,-1.589396,1
0,1275,-0.99829383,1
0,1276,-0.81079982,1
0,1277,-0.98159057,1
0,1278,-1.2784443,1
0,1279,-1.1078289,1
0,1280,-0.65330839,2
0,1281,-1.2951848,2
0,1282,-0.45738382,2
0,1283,-1.0920364,2
0,1284,-1.6823461,2
0,1285,-0.46181073,2
0,1286,-0.099362417,2
0,1287,-0.83480913,2
0,1288,-0.63588089,2
0,1289,-1.0005826,2
0,1290,-0.70228705,2
0,1291,-1.2797759,2
0,1292,-0.44286476,2
0,1293,-0.3440623,2
0,1294,-0.2339989,2
0,1295,0.1510754,2
0,1296,-1.1041234,2
0,1297,-0.39498416,2
0,1298,-0.43615021,2
0,1299,-0.34559941,2
0,1300,-0.28136512,2
0,1301,-1.5286384,2
0,1302,-0.32386013,2
0,1303,-0.049352715,2
0,1304,-0.37726411,2
0,1305,-0.7631592,2
0,1306,-1.0340353,2
0,1307,-0.33223679,2
0,1308,-0.28020547,2
0,1309,-0.13788494,2
0,1310,0.2461653,2
0,1311,0.42816063,2
0,1312,-0.089478177,2
0,1313,0.4907572,2
0,1314,0.6713313,2
0,1315,0.41295809,2
0,1316,0.37913856,2
0,1317,0.27176294,2
0,1318,0.30765932,2
0,1319,0.11743034,2
0,1320,0.55011384,2
0,1321,0.61144087,2
0,1322,0.16105665,2
0,1323,0.18432944,2
0,1324,0.42309098,2
0,1325,0.36570259,2
0,1326,-0.11906285,2
0,1327,0.85993058,2
0,1328,1.082336,2
0,1329,1.4303317,2
0,1330,0.76717693,2
0,1331,0.58821726,2
0,1332,1.209132,2
0,1333,1.7263926,2
0,1334,1.4130937,2
0,1335,0.55622778,2
0,1336,1.7666853,2
0,1337,1.136342,2
0,1338,1.0546981,2
0,1339,2.0321687,2
0,1340,1.0086795,2
0,1341,0.81622192,2
0,1342,1.6454491,2
0,1343,1.3510436,2
0,1344,1.8168135,2
0,1345,1.4182199,2
0,1346,2.3461108,2
0,1347,1.5772206,2
0,1348,1.0167561,2
0,1349,1.3038867,2
0,1350,1.0051752,2
0,1351,1.1306286,2
0,1352,1.9063848,2
0,1353,1.9867792,2
0,1354,1.2194448,2
0,1355,2.0920028,2
0,1356,1.7855868,2
0,1357,2.2143429,2
0,1358,2.6234719,2
0,1359,-0.60205801,2
0,1360,-0.5823929,2
0,1361,-0.84013819,2
0,1362,-1.4115271,2
0,1363,-1.3036277,2
0,1364,-0.12561206,2
0,1365,-1.2883188,2
0,1366,0.33090539,2
0,1367,-1.1722267,2
0,1368,-0.66484887,2
0,1369,-1.1317018,2
0,1370,-0.033442328,2
0,1371,-1.0777512,2
0,1372,-0.79629789,2
0,1373,0.17340493,2
0,1374,-0.83124302,2
0,1375,-0.48056904,2
0,1376,-0.45282431,2
0,1377,0.076791894,2
0,1378,-0.5595014,2
0,1379,-0.48696618,2
0,1380,-0.57386694,2
0,1381,-0.54531774,2
0,1382,-0.93150711,2
0,1383,-0.71814144,2
0,1384,-1.1302302,2
0,1385,-1.346708,2
0,1386,-1.0330267,2
0,1387,-0.85060372,2
0,1388,-1.3217558,2
0,1389,-0.42175307,2
0,1390,-1.0300436,2
0,1391,-0.65146576,2
0,1392,-0.81487762,2
0,1393,-0.33824566,2
0,1394,-0.14223272,2
0,1395,-1.6228883,2
0,1396,-0.79138206,2
0,1397,-1.3063309,2
0,1398,-0.39105805,2
0,1399,-0.35810938,2
0,1400,-1.163435,2
0,1401,-0.40071116,2
0,1402,-0.40975972,2
0,1403,-0.72094741,2
0,1404,-0.33299027,2
0,1405,0.54820399,2
0,1406,-0.59622877,2
0,1407,-0.19067185,2
0,1408,-0.54187618,2
0,1409,-1.016107,2
0,1410,-1.0799024,2
0,1411,-1.1856653,2
0,1412,-0.79245206,2
0,1413,-0.7545928,2
0,1414,-0.057041218,2
0,1415,-0.43711047,2
0,1416,-1.071181,2
0,1417,-1.4760344,2
0,1418,0.47155477,2
0,1419,-1.3671025,2
0,1420,-0.60705672,2
0,1421,-0.48991875,2
0,1422,-0.45555956,2
0,1423,-0.12168338,2
0,1424,0.11616472,2
0,1425,-0.45235069,2
0,1426,-1.0259192,2
0,1427,-0.24586055,2
0,1428,-0.42968726,2
0,1429,-0.2687588,2
0,1430,-0.2634656,2
0,1431,-1.2946923,2
0,1432,-1.2626041,2
0,1433,-0.50661322,2
0,1434,-0.70429625,2
0,1435,-0.45876713,2
0,1436,-0.10284621,2
0,1437,-0.18754201,2
0,1438,0.31801101,2
0,1439,0.38033778,2
0,1440,-0.10167898,2
0,1441,0.95464948,2
0,1442,-0.66283014,2
0,1443,-0.48062778,2
0,1444,-0.077564941,2
0,1445,0.52292285,2
0,1446,0.30973786,2
0,1447,-0.46564938,2
0,1448,0.47058603,2
0,1449,-0.56522324,2
0,1450,-0.22816709,2
0,1451,-0.08521383,2
0,1452,0.19281564,2
0,1453,1.7860352,2
0,1454,0.48155655,2
0,1455,1.0973496,2
0,1456,0.79399451,2
0,1457,1.2252601,2
0,1458,0.34783848,2
0,1459,1.0716023,2
0,1460,1.3115848,2
0,1461,0.46656292,2
0,1462,-0.058372926,2
0,1463,0.96954147,2
0,1464,0.6994231,2
0,1465,1.2123711,2
0,1466,0.49644502,2
0,1467,0.54857089,2
0,1468,1.8987722,2
0,1469,1.3407996,2
0,1470,1.2230835,2
0,1471,2.5368313,2
0,1472,1.196893,2
0,1473,2.6652291,2
0,1474,1.1820102,2
0,1475,1.4287987,2
0,1476,3.0304417,2
0,1477,2.3991742,2
0,1478,2.3301131,2
0,1479,2.4316461,2
0,1480,2.0703542,2
0,1481,2.29497,2
0,1482,2.7239833,2
0,1483,-0.32644669,2
0,1484,-0.55558848,2
0,1485,-0.31433502,2
0,1486,-0.35673656,2
0,1487,-0.75114824,2
0,1488,-0.61599811,2
0,1489,-0.097979738,2
0,1490,0.15586988,2
0,1491,-1.3202342,2
0,1492,0.2205874,2
0,1493,0.17990165,2
0,1494,0.0066411391,2
0,1495,-0.92876149,2
0,1496,-0.91145413,2
0,1497,0.5101775,2
0,1498,-0.59035572,2
0,1499,-0.37550026,2
0,1500,0.57876452,2
0,1501,-0.87096377,2
0,1502,-0.81125156,2
0,1503,-0.80150667,2
0,1504,-0.15256987,2
0,1505,-0.23639525,2
0,1506,-0.30726272,2
0,1507,-0.86733643,2
0,1508,-0.21329762,2
0,1509,-1.1290144,2
0,1510,-0.58603304,2
0,1511,-0.014825604,2
0,1512,-0.62851536,2
0,1513,-1.3924464,2
0,1514,-0.56504878,2
0,1515,-0.42840504,2
0,1516,-0.84980539,2
0,1517,-0.46236492,2
0,1518,-0.58155991,2
0,1519,-1.1812115,2
0,1520,-0.64298681,2
0,1521,-0.881281,2
0,1522,-0.89986539,2
0,1523,0.049549096,2
0,1524,0.27991316,2
0,1525,-0.83761424,2
0,1526,-0.19540295,2
0,1527,-0.13638201,2
0,1528,0.32298378,2
0,1529,-1.2331742,2
0,1530,-0.9370792,2
0,1531,-1.0478414,2
0,1532,-0.56434825,2
0,1533,-0.31455899,2
0,1534,-1.1107676,2
0,1535,0.10526572,2
0,1536,-1.9453272,1
0,1537,-1.4498402,1
0,1538,-1.4889456,1
0,1539,-1.8004841,1
0,1540,-2.3130602,1
0,1541,-1.7720853,1
0,1542,-2.1548821,1
0,1543,-1.3312254,1
0,1544,-2.2651396,1
0,1545,-1.8002112,1
0,1546,-1.5211081,1
0,1547,-2.3136114,1
0,1548,-1.561571,1
0,1549,-1.6647261,1
0,1550,-2.0304364,1
0,1551,-1.8441364,1
0,1552,-1.3269888,1
0,1553,-1.1846436,1
0,1554,-1.3397858,1
0,1555,-1.5957733,1
0,1556,-1.4135873,1
0,1557,-1.6941628,1
0,1558,-1.9501844,1
0,1559,-2.3001641,1
0,1560,0.74808219,1
0,1561,-0.57759913,1
0,1562,-0.42445897,1
0,1563,0.94431756,1
0,1564,0.29521697,1
0,1565,-0.14963383,1
0,1566,0.87551438,1
0,1567,0.090401134,1
0,1568,0.48625435,1
0,1569,0.12139845,1
0,1570,0.15967936,1
0,1571,0.28773209,1
0,1572,0.22582485,1
0,1573,0.84169322,1
0,1574,1.1893239,1
0,1575,-0.10440289,1
0,1576,0.68141151,1
0,1577,0.89665452,1
0,1578,1.3251152,1
0,1579,-0.069252989,1
0,1580,0.68924579,1
0,1581,-0.038613033,1
0,1582,0.41765376,1
0,1583,0.82191717,1
0,1584,0.45904512,1
0,1585,0.75300499,1
0,1586,0.38800275,1
0,1587,0.27517804,1
0,1588,0.94957264,1
0,1589,1.4344182,1
0,1590,0.32825712,1
0,1591,0.53519691,1
0,1592,-0.078509298,1
0,1593,0.77098689,1
0,1594,0.37113048,1
0,1595,0.65694497,1
0,1596,0.43312937,1
0,1597,1.3515205,1
0,1598,1.0818091,1
0,1599,0.63853277,1
0,1600,0.62464036,1
0,1601,0.8320766,1
0,1602,0.010782965,1
0,1603,0.64650968,1
0,1604,0.13596977,1
0,1605,0.96289747,1
0,1606,1.1920667,1
0,1607,0.35138022,1
0,1608,1.1121026,1
0,1609,0.10753398,1
0,1610,0.34865793,1
0,1611,0.24445621,1
0,1612,0.081090089,1
0,1613,0.50982885,1
0,1614,0.8557744,1
0,1615,0.78689226,1
0,1616,0.65935304,1
0,1617,0.59408489,1
0,1618,0.11141785,1
0,1619,0.22305162,1
0,1620,0.70180545,1
0,1621,-0.29958251,1
0,1622,0.52543812,1
0,1623,0.96316276,1
0,1624,0.45454673,1
0,1625,0.013857347,1
0,1626,0.26865177,1
0,1627,0.86404066,1
0,1628,0.40360503,1
0,1629,0.16291332,1
0,1630,0.67818835,1
0,1631,0.31607893,1
0,1632,0.83863274,1
0,1633,-0.015818773,1
0,1634,0.15086338,1
0,1635,0.33054018,1
0,1636,0.35294863,1
0,1637,-0.018754314,1
0,1638,0.23211064,1
0,1639,-0.32496165,1
0,1640,0.84210966,1
0,1641,0.57055189,1
0,1642,0.13407062,1
0,1643,0.27334854,1
0,1644,-0.046006644,1
0,1645,0.30515463,1
0,1646,0.94640847,1
0,1647,0.11022648,1
0,1648,0.46676175,1
0,1649,0.8589856,1
0,1650,0.94712913,1
0,1651,0.39697047,1
0,1652,0.54327975,1
0,1653,0.77569365,1
0,1654,0.38997543,1
0,1655,-0.18036944,1
0,1656,0.55412087,1
0,1657,0.6861262,1
0,1658,0.69061802,1
0,1659,0.62076416,1
0,1660,0.92600816,1
0,1661,-1.9410525,1
0,1662,-2.1112366,1
0,1663,-1.7680882,1
0,1664,0.045628238,2
0,1665,-1.1299653,2
0,1666,-0.52060748,2
0,1667,-1.0671846,2
0,1668,-1.3322887,2
0,1669,-0.86241869,2
0,1670,-1.0303567,2
0,1671,-1.0694771,2
0,1672,-0.28594248,2
0,1673,-1.2188799,2
0,1674,-0.2853232,2
0,1675,-0.26678976,2
0,1676,-0.23816393,2
0,1677,-0.52411757,2
0,1678,-0.91334663,2
0,1679,-1.4738832,2
0,1680,-0.5042288,2
0,1681,-0.56962935,2
0,1682,-0.5336179,2
0,1683,-0.39170401,2
0,1684,-0.088669402,2
0,1685,-0.24544549,2
0,1686,-0.48796857,2
0,1687,-1.0758748,2
0,1688,-0.77054165,2
0,1689,0.12178557,2
0,1690,-0.60312755,2
0,1691,-0.7284997,2
0,1692,-0.96412858,2
0,1693,-1.4459043,2
0,1694,-0.36443777,2
0,1695,-0.78603573,2
0,1696,-0.57176608,2
0,1697,-0.53897736,2
0,1698,-0.3758589,2
0,1699,0.23084154,2
0,1700,-0.50682053,2
0,1701,-0.64841152,2
0,1702,0.13500388,2
0,1703,0.51073524,2
0,1704,0.047938769,2
0,1705,0.30895249,2
0,1706,-0.05311888,2
0,1707,0.07806494,2
0,1708,0.010870625,2
0,1709,0.69882902,2
0,1710,0.28065694,2
0,1711,-0.0039492122,2
0,1712,0.72663379,2
0,1713,-0.74015296,2
0,1714,-0.15465246,2
0,1715,0.49140966,2
0,1716,0.5761071,2
0,1717,1.275402,2
0,1718,0.71603016,2
0,1719,0.69632866,2
0,1720,0.96027291,2
0,1721,0.21000276,2
0,1722,0.67644428,2
0,1723,0.44388457,2
0,1724,0.3851856,2
0,1725,-0.13249307,2
0,1726,0.9118359,2
0,1727,0.0072345174,2
0,1728,1.4373747,2
0,1729,1.4877386,2
0,1730,0.87531103,2
0,1731,1.4269118,2
0,1732,1.3077878,2
0,1733,0.11626513,2
0,1734,0.89640734,2
0,1735,1.1792771,2
0,1736,1.6262948,2
0,1737,1.3844436,2
0,1738,1.7282625,2
0,1739,1.4194429,2
0,1740,2.2104051,2
0,1741,2.372559,2
0,1742,1.6112413,2
0,1743,1.3484733,2
0,1744,1.6273636,2
0,1745,1.7479702,2
0,1746,1.2611341,2
0,1747,2.5174891,2
0,1748,1.999826,2
0,1749,2.1478803,2
0,1750,2.1756302,2
0,1751,1.9429213,2
0,1752,2.6272376,2
0,1753,-0.76337419,2
0,1754,-0.72004567,2
0,1755,0.14862199,2
0,1756,-0.94812247,2
0,1757,-0.77018497,2
0,1758,-0.80356655,2
0,1759,-0.89302881,2
0,1760,-0.51130235,2
0,1761,-0.78322643,2
0,1762,-0.07052524,2
0,1763,-0.48055259,2
0,1764,-1.1270017,2
0,1765,-1.2194503,2
0,1766,-0.60405221,2
0,1767,-0.80643776,2
0,1768,-0.72657274,2
0,1769,-0.4621805,2
0,1770,-1.3699478,2
0,1771,-1.3697154,2
0,1772,-0.40403956,2
0,1773,-1.486923,2
0,1774,-0.41438953,2
0,1775,-0.87914767,2
0,1776,-0.50301729,2
0,1777,-0.60799031,2
0,1778,-0.47770134,2
0,1779,-1.3624718,2
0,1780,-1.0512259,2
0,1781,-0.33106141,2
0,1782,-0.2962114,2
0,1783,-0.33196691,2
0,1784,0.46703546,2
0,1785,-0.32367753,2
0,1786,-0.17948851,2
0,1787,-0.2449603,2
0,1788,-5.3901358e-05,2
0,1789,-1.4092624,2
0,1790,-0.78151173,2
0,1791,-0.61823709,2
0,1792,-0.41319747,2
0,1793,-0.40093457,2
0,1794,-0.48202739,2
0,1795,-1.4029714,2
0,1796,-1.6825953,2
0,1797,-0.88150431,2
0,1798,-0.96358359,2
0,1799,-0.97870607,2
0,1800,-1.3344809,2
0,1801,0.088190119,2
0,1802,-1.1303511,2
0,1803,-1.3037927,2
0,1804,-0.576292,2
0,1805,-0.80818222,2
0,1806,-0.76819006,2
0,1807,-0.70830676,2
0,1808,-0.63691403,2
0,1809,-1.0719855,2
0,1810,-1.2748177,2
0,1811,-1.514769,2
0,1812,-0.81623903,2
0,1813,-1.4044429,2
0,1814,-0.81263258,2
0,1815,-0.6779068,2
0,1816,-0.86784401,2
0,1817,-1.4520855,2
0,1818,-1.2336377,2
0,1819,-0.56150592,2
0,1820,-0.36480873,2
0,1821,-0.35453427,2
0,1822,-1.3857061,2
0,1823,-0.50840131,2
0,1824,-1.3755098,2
0,1825,-0.36845643,2
0,1826,-0.5430165,2
0,1827,-0.8640374,2
0,1828,0.14820155,2
0,1829,-0.51513242,2
0,1830,0.25196776,2
0,1831,-0.29424833,2
0,1832,-0.94827573,2
0,1833,-0.85960674,2
0,1834,-0.9363843,2
0,1835,-1.1543855,2
0,1836,-0.23640224,2
0,1837,-0.28693648,2
0,1838,-0.77107285,2
0,1839,-0.30860765,2
0,1840,-0.69329488,2
0,1841,-0.069876712,2
0,1842,0.12989544,2
0,1843,0.61579106,2
0,1844,-0.57197367,2
0,1845,-0.99318404,2
0,1846,0.33370436,2
0,1847,0.084557966,2
0,1848,0.01959336,2
0,1849,0.20659802,2
0,1850,-0.14756448,2
0,1851,-0.57556637,2
0,1852,-0.13514154,2
0,1853,-0.098147428,2
0,1854,0.27927747,2
0,1855,0.41121266,2
0,1856,0.41672231,2
0,1857,0.51565615,2
0,1858,0.94625747,2
0,1859,0.61871638,2
0,1860,0.27102965,2
0,1861,0.34714263,2
0,1862,-0.23681671,2
0,1863,0.33968606,2
0,1864,0.39937201,2
0,1865,0.84288535,2
0,1866,1.0511599,2
0,1867,0.72297909,2
0,1868,0.22431286,2
0,1869,1.0912582,2
0,1870,1.3643937,2
0,1871,0.42165135,2
0,1872,0.87359049,2
0,1873,0.445605,2
0,1874,1.2442782,2
0,1875,1.2039461,2
0,1876,1.5692046,2
0,1877,-0.31901601,2
0,1878,0.47664286,2
0,1879,0.40016159,2
0,1880,0.088037228,2
0,1881,0.4311388,2
0,1882,0.43583834,2
0,1883,1.0792415,2
0,1884,1.2254708,2
0,1885,0.25609709,2
0,1886,1.0462752,2
0,1887,0.72955283,2
0,1888,0.22377717,2
0,1889,1.1269495,2
0,1890,0.93494215,2
0,1891,1.6534828,2
0,1892,0.55810256,2
0,1893,1.7027505,2
0,1894,0.59558382,2
0,1895,2.0257352,2
0,1896,2.316542,2
0,1897,1.8348099,2
0,1898,1.0476474,2
0,1899,1.5634947,2
0,1900,0.38780193,2
0,1901,1.0953417,2
0,1902,1.5565849,2
0,1903,1.5888243,2
0,1904,1.4871899,2
0,1905,2.2218862,2
0,1906,1.9357958,2
0,1907,1.7167256,2
0,1908,2.3949241,2
0,1909,-1.6929596,2
0,1910,-1.3310577,2
0,1911,-0.83250778,2
0,1912,-0.45540408,2
0,1913,-1.1534846,2
0,1914,-1.8522449,2
0,1915,-1.1760238,2
0,1916,-1.0583777,2
0,1917,-0.41020933,2
0,1918,-1.0279812,2
0,1919,-0.54993385,2
0,1920,-1.6591204,3
0,1921,-1.0013096,3
0,1922,0.34228684,3
0,1923,-1.2260096,3
0,1924,-0.1731617,3
0,1925,-1.4114839,3
0,1926,-1.0705067,3
0,1927,-0.74977327,3
0,1928,-0.75264826,3
0,1929,-0.97470965,3
0,1930,-1.1844693,3
0,1931,-0.69375462,3
0,1932,-0.67208712,3
0,1933,-1.2442349,3
0,1934,-0.70470835,3
0,1935,-0.95562658,3
0,1936,-0.91030487,3
0,1937,-0.43087698,3
0,1938,-1.0729946,3
0,1939,-1.2600261,3
0,1940,-0.93508957,3
0,1941,-0.91345644,3
0,1942,-1.3167916,3
0,1943,-1.0782544,3
0,1944,-1.5473056,3
0,1945,-0.67088897,3
0,1946,-1.0557277,3
0,1947,-0.65481015,3
0,1948,-0.20693877,3
0,1949,-1.2182106,3
0,1950,1.7868648,3
0,1951,1.7425495,3
0,1952,2.0988358,3
0,1953,2.0024871,3
0,1954,3.0025799,3
0,1955,1.4125655,3
0,1956,1.7434457,3
0,1957,2.0627098,3
0,1958,1.7864975,3
0,1959,1.3317411,3
0,1960,1.7185832,3
0,1961,1.0693574,3
0,1962,1.2867001,3
0,1963,1.1863015,3
0,1964,0.6741384,3
0,1965,1.1476622,3
0,1966,1.4843624,3
0,1967,1.2184323,3
0,1968,1.1450009,3
0,1969,1.0854779,3
0,1970,0.88456258,3
0,1971,1.5109734,3
0,1972,-0.18997935,3
0,1973,1.3140008,3
0,1974,1.146641,3
0,1975,1.3787721,3
0,1976,0.98934899,3
0,1977,0.36317805,3
0,1978,0.14748699,3
0,1979,0.58603606,3
0,1980,1.1854645,3
0,1981,0.75150078,3
0,1982,0.60514778,3
0,1983,0.47483316,3
0,1984,0.96107776,3
0,1985,0.52471365,3
0,1986,-0.15394245,3
0,1987,0.09757418,3
0,1988,0.63112687,3
0,1989,0.15337559,3
0,1990,0.67497771,3
0,1991,0.5197087,3
0,1992,0.78963056,3
0,1993,0.64324918,3
0,1994,0.095862338,3
0,1995,0.27340345,3
0,1996,0.69210055,3
0,1997,-0.039582223,3
0,1998,-0.01358652,3
0,1999,0.6181892,3
0,2000,0.029805155,3
0,2001,1.0828122,3
0,2002,-0.070401903,3
0,2003,1.2224032,3
0,2004,0.72660739,3
0,2005,-0.022053227,3
0,2006,0.23243226,3
0,2007,-0.11107236,3
0,2008,-0.65883041,3
0,2009,0.379001,3
0,2010,-0.17278053,3
0,2011,-0.2248607,3
0,2012,-0.74141405,3
0,2013,-0.38774294,3
0,2014,-0.7880681,3
0,2015,-0.7098543,3
0,2016,-0.22755127,3
0,2017,-0.54368809,3
0,2018,0.074652367,3
0,2019,0.25284009,3
0,2020,-0.13793506,3
0,2021,-0.24304022,3
0,2022,-0.36089449,3
0,2023,-0.029082939,3
0,2024,-0.89519288,3
0,2025,-0.93695084,3
0,2026,-0.79568874,3
0,2027,-0.88363538,3
0,2028,-0.10457689,3
0,2029,-0.66085596,3
0,2030,-0.48169108,3
0,2031,-1.5252541,3
0,2032,-0.38765602,3
0,2033,-0.69985226,3
0,2034,-1.0019677,3
0,2035,-0.69697754,3
0,2036,-0.87524965,3
0,2037,-0.59231081,3
0,2038,-1.7025162,3
0,2039,-0.45125575,3
0,2040,-0.6771613,3
0,2041,-1.0743789,3
0,2042,-1.0223796,3
0,2043,-0.34106597,3
0,2044,-1.5544,3
0,2045,-1.5166666,3
0,2046,0.11370846,3
0,2047,-1.0064522,3
0,2048,-0.72535432,2
0,2049,-0.83786282,2
0,2050,-1.013462,2
0,2051,-0.46572995,2
0,2052,-1.6913581,2
0,2053,-0.89411332,2
0,2054,-0.94373184,2
0,2055,-0.27883962,2
0,2056,-1.5188553,2
0,2057,-1.5946845,2
0,2058,-1.3426236,2
0,2059,-1.1202842,2
0,2060,-0.80089137,2
0,2061,-0.65102328,2
0,2062,-0.024403606,2
0,2063,-0.5291322,2
0,2064,-1.0417177,2
0,2065,-1.0352262,2
0,2066,-1.0563815,2
0,2067,-0.73985536,2
0,2068,-1.1202047,2
0,2069,-0.83886616,2
0,2070,-2.0842919,2
0,2071,-1.1412151,2
0,2072,-1.5929567,2
0,2073,-1.3744438,2
0,2074,-1.016551,2
0,2075,-1.6013184,2
0,2076,-1.4569079,2
0,2077,-1.1742737,2
0,2078,-0.66798999,2
0,2079,-0.57053875,2
0,2080,-1.0489678,2
0,2081,-0.96978764,2
0,2082,-0.44703656,2
0,2083,-1.2568505,2
0,2084,-0.72478729,2
0,2085,-0.67152077,2
0,2086,-0.39260961,2
0,2087,0.12830997,2
0,2088,-0.89664088,2
0,2089,-0.45800889,2
0,2090,-0.62077804,2
0,2091,-0.50049735,2
0,2092,-0.18065818,2
0,2093,-0.12714237,2
0,2094,-0.06160817,2
0,2095,-0.052072738,2
0,2096,-0.14133932,2
0,2097,-0.39546165,2
0,2098,0.080395533,2
0,2099,-0.47998843,2
0,2100,-0.28367625,2
0,2101,-0.5465356,2
0,2102,-0.52221725,2
0,2103,-0.65941612,2
0,2104,-0.15194648,2
0,2105,-0.13632256,2
0,2106,0.39282028,2
0,2107,0.4159073,2
0,2108,0.27843832,2
0,2109,0.3457043,2
0,2110,-0.062124093,2
0,2111,0.40884745,2
0,2112,0.38141793,2
0,2113,0.46863013,2
0,2114,0.46554928,2
0,2115,0.069734945,2
0,2116,0.72650576,2
0,2117,0.54255497,2
0,2118,0.17868992,2
0,2119,0.89392427,2
0,2120,0.74555567,2
0,2121,0.43463263,2
0,2122,0.75182315,2
0,2123,0.35094056,2
0,2124,1.203612,2
0,2125,0.85581929,2
0,2126,0.7460659,2
0,2127,0.67014575,2
0,2128,1.3992954,2
0,2129,0.96070967,2
0,2130,0.8159887,2
0,2131,0.78351466,2
0,2132,0.40912963,2
0,2133,1.1420575,2
0,2134,0.59886026,2
0,2135,0.80726121,2
0,2136,1.3148517,2
0,2137,1.285457,2
0,2138,0.64119749,2
0,2139,0.71836055,2
0,2140,1.0515327,2
0,2141,1.3008661,2
0,2142,1.0566809,2
0,2143,1.4653809,2
0,2144,1.242815,2
0,2145,1.1357449,2
0,2146,0.71885287,2
0,2147,0.77500503,2
0,2148,2.1568583,2
0,2149,1.4593949,2
0,2150,1.2590034,2
0,2151,1.5286297,2
0,2152,1.535528,2
0,2153,1.1469998,2
0,2154,2.3857362,2
0,2155,1.9051881,2
0,2156,1.3291557,2
0,2157,0.92590096,2
0,2158,2.2246126,2
0,2159,1.6397351,2
0,2160,1.4564805,2
0,2161,1.9931569,2
0,2162,0.87754649,2
0,2163,-1.0246523,2
0,2164,-0.69016316,2
0,2165,-1.4285253,2
0,2166,-0.83501556,2
0,2167,-0.42552528,2
0,2168,-0.18295292,2
0,2169,-1.0354717,2
0,2170,-0.4272099,2
0,2171,-0.95864023,2
0,2172,-0.8053724,2
0,2173,-0.8015736,2
0,2174,-0.61244239,2
0,2175,-1.0228857,2
0,2176,-1.4575411,2
0,2177,-0.66812559,2
0,2178,-1.1113596,2
0,2179,-0.34308432,2
0,2180,-0.70083609,2
0,2181,-1.6145191,2
0,2182,-0.32822282,2
0,2183,-1.147196,2
0,2184,-0.95955295,2
0,2185,-0.9377379,2
0,2186,-1.1292483,2
0,2187,-0.77008233,2
0,2188,0.081621931,2
0,2189,-1.2981814,2
0,2190,-0.96523733,2
0,2191,-0.66715023,2
0,2192,-1.0982995,2
0,2193,-0.37828312,2
0,2194,-0.78065035,2
0,2195,-0.56298844,2
0,2196,-1.1533463,2
0,2197,-0.62034996,2
0,2198,-1.2457628,2
0,2199,-0.24021575,2
0,2200,-0.75377318,2
0,2201,-0.90916341,2
0,2202,-1.6005188,2
0,2203,-1.2602611,2
0,2204,-1.171491,2
0,2205,-1.463888,2
0,2206,-1.087752,2
0,2207,-0.59664738,2
0,2208,0.032937193,2
0,2209,-0.45434653,2
0,2210,-0.32232347,2
0,2211,0.0080139129,2
0,2212,-0.55090489,2
0,2213,-1.7238794,2
0,2214,-0.71298755,2
0,2215,-0.097634314,2
0,2216,0.22275197,2
0,2217,-0.86164052,2
0,2218,-1.3924552,2
0,2219,0.56203106,2
0,2220,-0.40374644,2
0,2221,-0.029286028,2
0,2222,0.29781231,2
0,2223,-0.051739094,2
0,2224,-0.036795326,2
0,2225,0.38541702,2
0,2226,-0.30506179,2
0,2227,-0.20520501,2
0,2228,-0.50098755,2
0,2229,0.15997844,2
0,2230,0.73209654,2
0,2231,0.81884275,2
0,2232,-0.16115324,2
0,2233,-0.27289337,2
0,2234,-0.027449222,2
0,2235,0.58537765,2
0,2236,-0.15495009,2
0,2237,0.68361109,2
0,2238,-0.34046586,2
0,2239,0.39516676,2
0,2240,0.26171642,2
0,2241,0.26181406,2
0,2242,0.99616225,2
0,2243,0.453167,2
0,2244,0.38757066,2
0,2245,0.060823955,2
0,2246,1.0198022,2
0,2247,-0.12271553,2
0,2248,0.15830376,2
0,2249,0.33932986,2
0,2250,1.6558363,2
0,2251,0.70147368,2
0,2252,0.72580544,2
0,2253,1.0309625,2
0,2254,0.93795371,2
0,2255,1.0394302,2
0,2256,0.51814446,2
0,2257,1.1249994,2
0,2258,0.83485162,2
0,2259,1.5169668,2
0,2260,0.96716053,2
0,2261,1.3140115,2
0,2262,0.44839564,2
0,2263,0.40089484,2
0,2264,1.121328,2
0,2265,1.1704351,2
0,2266,1.6531723,2
0,2267,1.8671649,2
0,2268,1.7502219,2
0,2269,0.74047575,2
0,2270,1.5378773,2
0,2271,0.76780191,2
0,2272,1.1107052,2
0,2273,0.85943587,2
0,2274,1.4732797,2
0,2275,0.76201253,2
0,2276,1.9532444,2
0,2277,2.381494,2
0,2278,2.4813646,2
0,2279,1.4697867,2
0,2280,1.5986863,2
0,2281,2.0692537,2
0,2282,1.7300932,2
0,2283,1.9566998,2
0,2284,-1.0528683,2
0,2285,-0.23562602,2
0,2286,-0.5467875,2
0,2287,-0.21907182,2
0,2288,-0.47746575,2
0,2289,-1.1039967,2
0,2290,-1.4644144,2
0,2291,-0.27332119,2
0,2292,-1.6609621,2
0,2293,-0.38858647,2
0,2294,-0.74768955,2
0,2295,-1.9461114,2
0,2296,-0.87893175,2
0,2297,-0.15384654,2
0,2298,-0.94347048,2
0,2299,0.039519147,2
0,2300,-0.13596074,2
0,2301,-0.71532283,2
0,2302,-0.71906618,2
0,2303,-1.2017011,2
0,2304,-1.4113675,1
0,2305,-1.2082199,1
0,2306,-0.68190674,1
0,2307,-1.5045847,1
0,2308,-1.1234059,1
0,2309,-1.5287978,1
0,2310,-1.6484307,1
0,2311,-1.2315116,1
0,2312,-1.4515667,1
0,2313,-1.3356381,1
0,2314,-1.6126185,1
0,2315,-1.3361607,1
0,2316,-1.8873141,1
0,2317,-1.6757601,1
0,2318,-0.84046076,1
0,2319,-1.3367653,1
0,2320,-1.4637242,1
0,2321,-1.3090239,1
0,2322,-1.124379,1
0,2323,-1.2461759,1
0,2324,-1.6359913,1
0,2325,-1.4760013,1
0,2326,-1.27784,1
0,2327,-1.1442174,1
0,2328,-1.3992806,1
0,2329,-0.8675101,1
0,2330,-1.4461691,1
0,2331,-1.9022045,1
0,2332,-1.530185,1
0,2333,0.3253619,1
0,2334,0.46905359,1
0,2335,0.56519561,1
0,2336,0.71441974,1
0,2337,1.1041744,1
0,2338,0.61741658,1
0,2339,0.73910667,1
0,2340,0.81977592,1
0,2341,0.37175913,1
0,2342,0.79409006,1
0,2343,0.64908952,1
0,2344,0.80462467,1
0,2345,0.7500539,1
0,2346,0.79710753,1
0,2347,0.59478091,1
0,2348,1.0009765,1
0,2349,0.68636799,1
0,2350,0.88010504,1
0,2351,0.61919345,1
0,2352,0.51698415,1
0,2353,0.75327167,1
0,2354,0.51981677,1
0,2355,0.4340956,1
0,2356,0.72032439,1
0,2357,0.53427176,1
0,2358,0.39325538,1
0,2359,0.82401501,1
0,2360,0.74928136,1
0,2361,0.41138452,1
0,2362,0.73675419,1
0,2363,0.69275085,1
0,2364,0.39740874,1
0,2365,0.2373315,1
0,2366,0.91243768,1
0,2367,0.62471944,1
0,2368,0.13460201,1
0,2369,1.3882167,1
0,2370,0.50618395,1
0,2371,0.69848485,1
0,2372,1.0043839,1
0,2373,0.54987661,1
0,2374,0.21493848,1
0,2375,0.019752758,1
0,2376,1.0356381,1
0,2377,0.47701775,1
0,2378,0.33124031,1
0,2379,0.43421295,1
0,2380,0.82222549,1
0,2381,0.76323335,1
0,2382,0.049930815,1
0,2383,0.45229249,1
0,2384,0.69135139,1
0,2385,0.62040726,1
0,2386,1.0793722,1
0,2387,0.61742048,1
0,2388,0.79464326,1
0,2389,0.56504975,1
0,2390,0.87384646,1
0,2391,0.64519732,1
0,2392,1.0577423,1
0,2393,0.8543579,1
0,2394,0.69260713,1
0,2395,0.64256223,1
0,2396,0.94367932,1
0,2397,0.63229025,1
0,2398,0.52759599,1
0,2399,0.68830473,1
0,2400,0.82087486,1
0,2401,1.649365,1
0,2402,0.39503842,1
0,2403,0.68197352,1
0,2404,0.82732584,1
0,2405,0.99891334,1
0,2406,0.63845798,1
0,2407,0.3610378,1
0,2408,1.477854,1
0,2409,0.78182392,1
0,2410,0.87852312,1
0,2411,0.27577444,1
0,2412,0.50566809,1
0,2413,0.90401424,1
0,2414,0.97859124,1
0,2415,1.293272,1
0,2416,0.97462806,1
0,2417,-1.4340929,1
0,2418,-0.6300401,1
0,2419,-1.3681723,1
0,2420,-1.3837793,1
0,2421,-1.1988677,1
0,2422,-1.1725291,1
0,2423,-1.0685065,1
0,2424,-1.2353608,1
0,2425,-0.95246064,1
0,2426,-1.17055,1
0,2427,-1.5769658,1
0,2428,-1.7424691,1
0,2429,-1.1610456,1
0,2430,-0.96438276,1
0,2431,-1.3161164,1
0,2432,-0.92710486,3
0,2433,-0.64851524,3
0,2434,-0.17287512,3
0,2435,-0.7542555,3
0,2436,0.11078113,3
0,2437,-1.4103976,3
0,2438,-1.0463559,3
0,2439,-1.2347957,3
0,2440,-0.50582154,3
0,2441,-1.2502605,3
0,2442,-0.46382362,3
0,2443,-0.11837425,3
0,2444,-0.16425306,3
0,2445,-0.46862795,3
0,2446,-0.6563887,3
0,2447,-1.1738252,3
0,2448,-1.2733796,3
0,2449,-0.21488055,3
0,2450,2.8086415,3
0,2451,2.4076774,3
0,2452,2.1105914,3
0,2453,2.4669613,3
0,2454,2.1726162,3
0,2455,1.0236364,3
0,2456,1.8294243,3
0,2457,1.3666233,3
0,2458,1.6083552,3
0,2459,2.2194736,3
0,2460,2.5227732,3
0,2461,1.3319243,3
0,2462,1.5967902,3
0,2463,1.801554,3
0,2464,1.6334803,3
0,2465,2.1201932,3
0,2466,0.64525149,3
0,2467,1.2115352,3
0,2468,1.8037851,3
0,2469,1.105054,3
0,2470,0.85773651,3
0,2471,1.3279825,3
0,2472,0.61713361,3
0,2473,1.4273792,3
0,2474,0.57586309,3
0,2475,1.181926,3
0,2476,1.7253645,3
0,2477,0.50129087,3
0,2478,0.93291178,3
0,2479,1.1783445,3
0,2480,-0.44062186,3
0,2481,0.064496214,3
0,2482,0.14703889,3
0,2483,0.84942907,3
0,2484,-0.05718158,3
0,2485,0.14111945,3
0,2486,-0.33043323,3
0,2487,0.035933696,3
0,2488,-0.054716307,3
0,2489,0.1031288,3
0,2490,-0.063526312,3
0,2491,-0.6512401,3
0,2492,-0.64318833,3
0,2493,-0.48373921,3
0,2494,-0.24843316,3
0,2495,0.10235015,3
0,2496,0.0713039,3
0,2497,-1.3911057,3
0,2498,-0.4056473,3
0,2499,-0.5809594,3
0,2500,-0.63221197,3
0,2501,-0.044700288,3
0,2502,-0.70307926,3
0,2503,0.027317813,3
0,2504,-0.21014471,3
0,2505,-0.79460852,3
0,2506,0.08572185,3
0,2507,-0.32645735,3
0,2508,-0.14502813,3
0,2509,-0.35012787,3
0,2510,-0.21794026,3
0,2511,-0.32959185,3
0,2512,0.12845749,3
0,2513,-0.65713327,3
0,2514,-0.94942745,3
0,2515,-0.84301918,3
0,2516,-0.87619114,3
0,2517,0.12382749,3
0,2518,-1.2787519,3
0,2519,-0.78389721,3
0,2520,-1.1164041,3
0,2521,-0.050300273,3
0,2522,0.19320317,3
0,2523,-0.055090669,3
0,2524,-0.82713926,3
0,2525,-1.5861923,3
0,2526,-1.6512917,3
0,2527,-0.25974459,3
0,2528,-1.0058731,3
0,2529,-0.18364477,3
0,2530,-0.42933164,3
0,2531,-0.69848288,3
0,2532,-0.62211002,3
0,2533,-0.68543406,3
0,2534,-0.25245646,3
0,2535,-0.047334874,3
0,2536,-1.3660801,3
0,2537,-0.64679778,3
0,2538,-0.90700572,3
0,2539,0.24705217,3
0,2540,0.023509268,3
0,2541,-0.032746676,3
0,2542,-0.2120457,3
0,2543,-1.0043928,3
0,2544,-0.33741455,3
0,2545,-0.25996141,3
0,2546,-0.33290546,3
0,2547,-1.2483982,3
0,2548,-0.37546476,3
0,2549,-0.27113862,3
0,2550,-0.95298771,3
0,2551,-0.1024645,3
0,2552,-0.77803014,3
0,2553,0.011595386,3
0,2554,-0.79037813,3
0,2555,-0.51569789,3
0,2556,-1.1105685,3
0,2557,-0.8728463,3
0,2558,0.12931092,3
0,2559,-0.14265778,3
0,2560,-1.4516799,2
0,2561,-1.4452721,2
0,2562,-1.0735985,2
0,2563,-1.2672501,2
0,2564,-0.70065033,2
0,2565,-1.8999688,2
0,2566,-1.5817058,2
0,2567,-1.1126308,2
0,2568,-1.9280325,2
0,2569,-0.86083952,2
0,2570,-1.5228447,2
0,2571,-0.95691539,2
0,2572,-0.73204122,2
0,2573,-0.56823565,2
0,2574,-1.2497892,2
0,2575,-1.5412049,2
0,2576,-0.029799833,2
0,2577,-1.3522434,2
0,2578,-0.95515836,2
0,2579,-0.47155622,2
0,2580,-0.58745029,2
0,2581,-1.4159553,2
0,2582,-1.2875925,2
0,2583,-0.85261328,2
0,2584,-1.2192243,2
0,2585,-1.1469607,2
0,2586,-1.7564192,2
0,2587,-0.033326112,2
0,2588,-1.3752193,2
0,2589,-1.0021882,2
0,2590,-1.4044749,2
0,2591,-0.99252528,2
0,2592,-0.77984008,2
0,2593,-0.44051254,2
0,2594,-1.3200567,2
0,2595,-0.89838764,2
0,2596,-1.0173178,2
0,2597,-0.81983388,2
0,2598,-0.46342881,2
0,2599,-0.70963386,2
0,2600,-1.496482,2
0,2601,0.016532712,2
0,2602,-0.76396304,2
0,2603,-0.13328552,2
0,2604,-0.45463944,2
0,2605,-0.61871839,2
0,2606,-0.23258088,2
0,2607,0.10300657,2
0,2608,0.67268793,2
0,2609,-0.59236213,2
0,2610,-0.51069962,2
0,2611,-0.8851248,2
0,2612,-0.30336034,2
0,2613,-0.69359809,2
0,2614,-0.29782516,2
0,2615,-0.076922482,2
0,2616,-0.89493707,2
0,2617,-1.4067783,2
0,2618,-0.033358023,2
0,2619,0.26341326,2
0,2620,0.27918919,2
0,2621,-0.072183903,2
0,2622,-0.42987596,2
0,2623,-0.045461915,2
0,2624,-1.1551774,2
0,2625,-0.17694081,2
0,2626,-0.46117575,2
0,2627,0.24090643,2
0,2628,-0.10769848,2
0,2629,0.29667178,2
0,2630,0.31851847,2
0,2631,0.97218367,2
0,2632,0.14435346,2
0,2633,0.77675192,2
0,2634,0.13435869,2
0,2635,0.33150148,2
0,2636,0.53017282,2
0,2637,0.5547353,2
0,2638,0.99612201,2
0,2639,0.85624398,2
0,2640,0.077062292,2
0,2641,0.13712406,2
0,2642,0.65268908,2
0,2643,0.91076513,2
0,2644,0.88496379,2
0,2645,0.76587962,2
0,2646,0.080310314,2
0,2647,1.3553746,2
0,2648,0.81173041,2
0,2649,1.2362628,2
0,2650,0.76923799,2
0,2651,0.76003096,2
0,2652,1.0330856,2
0,2653,0.56723511,2
0,2654,0.72232941,2
0,2655,0.46095677,2
0,2656,0.17264386,2
0,2657,0.11218754,2
0,2658,0.96937029,2
0,2659,1.2961085,2
0,2660,1.2168816,2
0,2661,0.68894202,2
0,2662,0.45037272,2
0,2663,1.6727502,2
0,2664,1.5035008,2
0,2665,0.82119717,2
0,2666,1.1331489,2
0,2667,1.3969595,2
0,2668,1.4722824,2
0,2669,1.3292399,2
0,2670,0.22648234,2
0,2671,1.5700914,2
0,2672,1.4057299,2
0,2673,1.2636841,2
0,2674,0.63403971,2
0,2675,0.70702897,2
0,2676,0.7716836,2
0,2677,1.1924778,2
0,2678,2.0396389,2
0,2679,2.1157507,2
0,2680,1.4989544,2
0,2681,1.5279886,2
0,2682,1.6889006,2
0,2683,1.8392142,2
0,2684,0.98446914,2
0,2685,1.229552,2
0,2686,0.83971068,2
0,2687,-0.41584243,2
0,2688,-0.53445246,2
0,2689,-0.95435372,2
0,2690,-0.80671095,2
0,2691,-1.2468315,2
0,2692,-0.9643141,2
0,2693,-1.2763088,2
0,2694,-0.4257909,2
0,2695,-1.6539739,2
0,2696,-0.023964525,2
0,2697,-0.72056942,2
0,2698,-0.68575347,2
0,2699,-0.898673,2
0,2700,-0.32934309,2
0,2701,-0.12748655,2
0,2702,-1.1907929,2
0,2703,-0.45345929,2
0,2704,-0.64526752,2
0,2705,-1.0656805,2
0,2706,-1.1707628,2
0,2707,-1.1741661,2
0,2708,-1.0604769,2
0,2709,-0.18178742,2
0,2710,-1.5679436,2
0,2711,-1.2026326,2
0,2712,-0.92486201,2
0,2713,-0.82454917,2
0,2714,-0.44795245,2
0,2715,-0.57859294,2
0,2716,-0.74727689,2
0,2717,-0.80173649,2
0,2718,-0.1041662,2
0,2719,-0.82388476,2
0,2720,-1.0478232,2
0,2721,-1.0747774,2
0,2722,-0.2116211,2
0,2723,-0.21832959,2
0,2724,-0.41880088,2
0,2725,-0.36216037,2
0,2726,-0.90240589,2
0,2727,-0.28901674,2
0,2728,0.18643332,2
0,2729,-0.40946663,2
0,2730,-0.65047271,2
0,2731,-0.45441488,2
0,2732,-0.11389351,2
0,2733,-0.23384272,2
0,2734,-0.35574991,2
0,2735,0.042898649,2
0,2736,-0.33294606,2
0,2737,0.14298342,2
0,2738,-0.008987124,2
0,2739,-0.6173054,2
0,2740,0.44103692,2
0,2741,-0.17330465,2
0,2742,0.72361554,2
0,2743,-0.096600547,2
0,2744,0.22278917,2
0,2745,-0.23501687,2
0,2746,-0.64920345,2
0,2747,-0.14862423,2
0,2748,-0.19067196,2
0,2749,0.67644311,2
0,2750,0.45476014,2
0,2751,0.26264415,2
0,2752,1.0730434,2
0,2753,1.434311,2
0,2754,0.25411835,2
0,2755,0.68366818,2
0,2756,0.35172442,2
0,2757,0.63615562,2
0,2758,0.20832765,2
0,2759,0.95536928,2
0,2760,0.62506095,2
0,2761,1.3248817,2
0,2762,1.4984977,2
0,2763,0.46366632,2
0,2764,1.4486274,2
0,2765,1.1001674,2
0,2766,1.3802508,2
0,2767,1.8540192,2
0,2768,1.8953925,2
0,2769,1.2114755,2
0,2770,-0.41879382,2
0,2771,0.4571799,2
0,2772,1.3182881,2
0,2773,1.0294162,2
0,2774,0.75239198,2
0,2775,0.6796554,2
0,2776,1.8214433,2
0,2777,1.500847,2
0,2778,1.3801038,2
0,2779,1.2322127,2
0,2780,1.0090692,2
0,2781,2.2597204,2
0,2782,1.5351658,2
0,2783,0.96748659,2
0,2784,1.0935772,2
0,2785,1.7500689,2
0,2786,1.1729346,2
0,2787,1.0836669,2
0,2788,1.8194289,2
0,2789,1.0551609,2
0,2790,1.3133815,2
0,2791,2.2057614,2
0,2792,2.0762304,2
0,2793,1.9704763,2
0,2794,1.4070528,2
0,2795,-0.871952,2
0,2796,-1.0453352,2
0,2797,-1.5306803,2
0,2798,-0.54196988,2
0,2799,-0.39713981,2
0,2800,-1.3915764,2
0,2801,-0.97516211,2
0,2802,-0.88009998,2
0,2803,-0.86038397,2
0,2804,-0.84691661,2
0,2805,-0.62996574,2
0,2806,-1.1255683,2
0,2807,-0.9760482,2
0,2808,-0.71271199,2
0,2809,-1.5341267,2
0,2810,-0.87642945,2
0,2811,-0.49989017,2
0,2812,-0.47217788,2
0,2813,-0.64063559,2
0,2814,-0.94263255,2
0,2815,-1.4629324,2
0,2816,-1.0860401,1
0,2817,-1.1993047,1
0,2818,-1.1205787,1
0,2819,-1.196342,1
0,2820,-1.9522055,1
0,2821,-1.2724857,1
0,2822,-0.58827598,1
0,2823,-1.0469528,1
0,2824,-1.6139084,1
0,2825,-1.1719739,1
0,2826,-1.4139494,1
0,2827,-0.92861395,1
0,2828,-1.0448008,1
0,2829,-0.92143405,1
0,2830,-1.5816028,1
0,2831,-1.3650783,1
0,2832,-1.034428,1
0,2833,-1.7854559,1
0,2834,-1.2352466,1
0,2835,-1.386389,1
0,2836,-1.5531868,1
0,2837,-1.2215104,1
0,2838,-1.0011379,1
0,2839,-1.1816439,1
0,2840,-1.2276562,1
0,2841,-1.5200499,1
0,2842,-1.3457266,1
0,2843,1.0894583,1
0,2844,0.92482173,1
0,2845,0.54954441,1
0,2846,0.26508528,1
0,2847,0.97434897,1
0,2848,1.3471257,1
0,2849,0.70074693,1
0,2850,0.48237788,1
0,2851,0.71089283,1
0,2852,0.28998491,1
0,2853,0.41386545,1
0,2854,1.4348708,1
0,2855,0.60317123,1
0,2856,0.43136035,1
0,2857,0.44183325,1
0,2858,-0.10801411,1
0,2859,0.89241544,1
0,2860,0.5778934,1
0,2861,0.25520178,1
0,2862,0.71199748,1
0,2863,0.83199552,1
0,2864,0.965456,1
0,2865,0.30815357,1
0,2866,0.94061035,1
0,2867,1.1764897,1
0,2868,1.1338659,1
0,2869,0.96003062,1
0,2870,1.378043,1
0,2871,1.0122556,1
0,2872,0.63538818,1
0,2873,0.022833405,1
0,2874,0.96524023,1
0,2875,0.87364367,1
0,2876,0.74033682,1
0,2877,0.97808731,1
0,2878,0.99425034,1
0,2879,0.64214015,1
0,2880,1.3323523,1
0,2881,1.0190053,1
0,2882,0.95613221,1
0,2883,0.93795271,1
0,2884,0.81969693,1
0,2885,0.87205438,1
0,2886,0.25787489,1
0,2887,0.78018204,1
0,2888,0.6738747,1
0,2889,0.81724355,1
0,2890,0.36534344,1
0,2891,0.42070489,1
0,2892,0.71688325,1
0,2893,0.45373798,1
0,2894,0.90722904,1
0,2895,0.7640276,1
0,2896,0.68000052,1
0,2897,0.055896261,1
0,2898,0.81799938,1
0,2899,0.83918009,1
0,2900,0.69545592,1
0,2901,1.350489,1
0,2902,0.39422792,1
0,2903,0.95245537,1
0,2904,0.53171127,1
0,2905,0.24643864,1
0,2906,0.19648507,1
0,2907,1.1246435,1
0,2908,0.5800074,1
0,2909,0.60753531,1
0,2910,0.55907619,1
0,2911,0.70523947,1
0,2912,0.85897981,1
0,2913,0.78996608,1
0,2914,0.91860586,1
0,2915,0.96221154,1
0,2916,-0.068002807,1
0,2917,0.57405241,1
0,2918,0.61099787,1
0,2919,0.76679973,1
0,2920,0.95294254,1
0,2921,1.5433801,1
0,2922,0.51082746,1
0,2923,-1.110865,1
0,2924,-0.72600282,1
0,2925,-1.0787104,1
0,2926,-0.8191732,1
0,2927,-1.3041076,1
0,2928,-1.3954518,1
0,2929,-0.66780916,1
0,2930,-1.5307483,1
0,2931,-1.5371718,1
0,2932,-1.1159438,1
0,2933,-0.70930114,1
0,2934,-1.3616049,1
0,2935,-1.5906629,1
0,2936,-1.1502034,1
0,2937,-1.220833,1
0,2938,-0.84515792,1
0,2939,-1.3918419,1
0,2940,-1.3635217,1
0,2941,-1.5272032,1
0,2942,-1.0520128,1
0,2943,-0.90539485,1
0,2944,-1.6761689,1
0,2945,-1.8393631,1
0,2946,-1.8336474,1
0,2947,-1.9145249,1
0,2948,-1.7558387,1
0,2949,-1.0183235,1
0,2950,-1.1306754,1
0,2951,-1.310847,1
0,2952,-1.8164125,1
0,2953,-1.5676502,1
0,2954,-1.7090048,1
0,2955,-1.8381577,1
0,2956,-2.0375562,1
0,2957,-1.920577,1
0,2958,-2.0704954,1
0,2959,-1.2683563,1
0,2960,-1.9104731,1
0,2961,-2.3168621,1
0,2962,-1.9383861,1
0,2963,-1.693126,1
0,2964,-1.7763622,1
0,2965,-1.869454,1
0,2966,-1.5974441,1
0,2967,-1.5572653,1
0,2968,-2.0565471,1
0,2969,-2.010004,1
0,2970,-1.5307578,1
0,2971,-2.0165547,1
0,2972,1.0405238,1
0,2973,0.58608303,1
0,2974,0.838227,1
0,2975,0.04491122,1
0,2976,0.14613207,1
0,2977,0.53872107,1
0,2978,-0.18984699,1
0,2979,0.35383571,1
0,2980,0.39271314,1
0,2981,0.23476025,1
0,2982,0.95123132,1
0,2983,0.27631157,1
0,2984,1.3113603,1
0,2985,-0.25559672,1
0,2986,0.20765827,1
0,2987,0.17435781,1
0,2988,-0.12017424,1
0,2989,-0.22322986,1
0,2990,1.2490056,1
0,2991,0.9859258,1
0,2992,0.20327761,1
0,2993,1.1527532,1
0,2994,0.30661086,1
0,2995,0.076547755,1
0,2996,0.63545113,1
0,2997,0.89486513,1
0,2998,0.62037778,1
0,2999,-0.18845935,1
0,3000,-0.15196841,1
0,3001,0.33220122,1
0,3002,0.60249486,1
0,3003,0.51370361,1
0,3004,0.74781267,1
0,3005,0.38082105,1
0,3006,0.78298071,1
0,3007,0.44431085,1
0,3008,0.2926942,1
0,3009,0.091868955,1
0,3010,-0.050514032,1
0,3011,1.2861439,1
0,3012,0.10828169,1
0,3013,0.80522684,1
0,3014,0.16815878,1
0,3015,0.50830141,1
0,3016,1.1735297,1
0,3017,0.56138322,1
0,3018,0.96692876,1
0,3019,0.23028482,1
0,3020,0.14215412,1
0,3021,0.34684179,1
0,3022,0.7256266,1
0,3023,0.9740705,1
0,3024,1.2369683,1
0,3025,0.35006262,1
0,3026,0.086337202,1
0,3027,0.42554094,1
0,3028,0.6386707,1
0,3029,0.43673008,1
0,3030,0.32377344,1
0,3031,0.42363,1
0,3032,0.74518971,1
0,3033,0.93620573,1
0,3034,-0.20843484,1
0,3035,0.70140051,1
0,3036,0.21476109,1
0,3037,0.57929527,1
0,3038,0.41869057,1
0,3039,0.99133055,1
0,3040,0.65738846,1
0,3041,0.68445105,1
0,3042,0.69133326,1
0,3043,0.7318944,1
0,3044,0.78324686,1
0,3045,0.41453156,1
0,3046,0.43872652,1
0,3047,0.61201751,1
0,3048,0.4596104,1
0,3049,0.60621759,1
0,3050,0.28803009,1
0,3051,0.81143206,1
0,3052,0.61400665,1
0,3053,0.97197918,1
0,3054,1.0958187,1
0,3055,0.6685207,1
0,3056,0.45076538,1
0,3057,0.39787657,1
0,3058,0.82967223,1
0,3059,-0.49899106,1
0,3060,-0.075780446,1
0,3061,0.68065495,1
0,3062,0.55315884,1
0,3063,0.58961712,1
0,3064,0.42792071,1
0,3065,0.31634488,1
0,3066,1.1403812,1
0,3067,0.085502323,1
0,3068,-0.074704775,1
0,3069,0.34936945,1
0,3070,0.59884996,1
0,3071,0.15316933,1
0,3072,-1.3148891,3
0,3073,-1.3508606,3
0,3074,-0.57481938,3
0,3075,-0.71378316,3
0,3076,-1.7298737,3
0,3077,-1.1608359,3
0,3078,-1.4472945,3
0,3079,-0.86289368,3
0,3080,-0.67713836,3
0,3081,-0.48048624,3
0,3082,-1.3897807,3
0,3083,-0.83240864,3
0,3084,-0.47883842,3
0,3085,-1.1849746,3
0,3086,-1.254646,3
0,3087,0.013948421,3
0,3088,-0.55525262,3
0,3089,-0.81958545,3
0,3090,-0.43060757,3
0,3091,-0.36180528,3
0,3092,-0.69913679,3
0,3093,-0.46318072,3
0,3094,-1.0384395,3
0,3095,-0.87191076,3
0,3096,0.16235142,3
0,3097,-1.5517221,3
0,3098,-0.56442558,3
0,3099,-0.85008979,3
0,3100,-1.1442167,3
0,3101,1.5509345,3
0,3102,1.8843403,3
0,3103,1.519006,3
0,3104,1.4610599,3
0,3105,2.0417409,3
0,3106,1.72565,3
0,3107,1.6015916,3
0,3108,1.9628069,3
0,3109,1.3539424,3
0,3110,1.2229962,3
0,3111,1.7869775,3
0,3112,1.8441476,3
0,3113,1.478125,3
0,3114,1.0144086,3
0,3115,1.2597573,3
0,3116,1.5939116,3
0,3117,1.3652857,3
0,3118,1.0879677,3
0,3119,1.29133,3
0,3120,1.1279737,3
0,3121,0.80096498,3
0,3122,0.51743737,3
0,3123,0.8071123,3
0,3124,1.8071121,3
0,3125,0.88469884,3
0,3126,0.76245922,3
0,3127,1.3536524,3
0,3128,0.033225248,3
0,3129,0.081856416,3
0,3130,0.80722973,3
0,3131,1.4575662,3
0,3132,0.66706767,3
0,3133,0.46667079,3
0,3134,1.4491513,3
0,3135,0.39552379,3
0,3136,1.3361334,3
0,3137,0.22754556,3
0,3138,0.71210972,3
0,3139,0.83755704,3
0,3140,0.72776525,3
0,3141,0.66757774,3
0,3142,1.0903951,3
0,3143,0.91787054,3
0,3144,0.68248621,3
0,3145,-0.8617284,3
0,3146,0.23863958,3
0,3147,0.66677492,3
0,3148,-0.91671224,3
0,3149,-0.10973655,3
0,3150,0.49477458,3
0,3151,0.16561391,3
0,3152,0.5077004,3
0,3153,0.19842167,3
0,3154,0.55070789,3
0,3155,0.32034168,3
0,3156,0.57957328,3
0,3157,0.46497222,3
0,3158,0.25546615,3
0,3159,0.18270159,3
0,3160,0.4742114,3
0,3161,-1.1201658,3
0,3162,0.09455293,3
0,3163,0.36385571,3
0,3164,-0.51991495,3
0,3165,-0.6362482,3
0,3166,-0.50799654,3
0,3167,-1.0590444,3
0,3168,-0.94047199,3
0,3169,-0.31047233,3
0,3170,-0.76992268,3
0,3171,-0.16970389,3
0,3172,-0.75705092,3
0,3173,-1.2445363,3
0,3174,-0.67997309,3
0,3175,0.050044479,3
0,3176,-0.51713965,3
0,3177,-0.77069892,3
0,3178,-0.50092022,3
0,3179,-0.48101201,3
0,3180,-0.2846106,3
0,3181,-0.6284647,3
0,3182,-0.97608295,3
0,3183,-1.4588606,3
0,3184,-0.68271444,3
0,3185,-0.76352141,3
0,3186,-1.1142044,3
0,3187,-1.3590803,3
0,3188,-1.3662736,3
0,3189,-1.3409384,3
0,3190,-0.28836919,3
0,3191,-0.70969905,3
0,3192,-0.58787367,3
0,3193,-0.1035496,3
0,3194,-1.4629593,3
0,3195,-1.2877872,3
0,3196,-0.18902547,3
0,3197,-1.5767386,3
0,3198,-0.83416965,3
0,3199,-0.75750669,3
0,3200,-0.19092144,3
0,3201,-0.61605133,3
0,3202,-0.59802857,3
0,3203,-0.62544699,3
0,3204,-0.15250752,3
0,3205,-0.76632987,3
0,3206,-0.34225875,3
0,3207,-0.11039777,3
0,3208,0.0021554996,3
0,3209,-0.7836308,3
0,3210,-0.61089988,3
0,3211,0.10658067,3
0,3212,-0.81204476,3
0,3213,-0.35879075,3
0,3214,-0.81303783,3
0,3215,-0.70709442,3
0,3216,-0.38788188,3
0,3217,0.10734169,3
0,3218,-0.44572221,3
0,3219,-1.1672573,3
0,3220,-0.54807132,3
0,3221,-1.1710333,3
0,3222,-1.5631386,3
0,3223,-0.48156384,3
0,3224,-1.1722147,3
0,3225,-1.6866007,3
0,3226,-0.88472583,3
0,3227,-0.010229059,3
0,3228,2.8985263,3
0,3229,2.216239,3
0,3230,2.0179622,3
0,3231,2.41845,3
0,3232,1.40028,3
0,3233,1.7994363,3
0,3234,1.6969591,3
0,3235,2.28646,3
0,3236,1.6079591,3
0,3237,1.9805331,3
0,3238,1.5972157,3
0,3239,2.1084371,3
0,3240,2.630913,3
0,3241,0.32431299,3
0,3242,2.0039339,3
0,3243,1.375639,3
0,3244,1.6066234,3
0,3245,1.5629705,3
0,3246,1.0942488,3
0,3247,1.9989286,3
0,3248,0.63682814,3
0,3249,1.177158,3
0,3250,1.1316542,3
0,3251,0.38103701,3
0,3252,0.7283275,3
0,3253,0.61278084,3
0,3254,0.72183866,3
0,3255,1.150952,3
0,3256,0.74654007,3
0,3257,0.26998879,3
0,3258,0.68519704,3
0,3259,0.91410808,3
0,3260,-0.15011308,3
0,3261,0.2331992,3
0,3262,0.76261503,3
0,3263,-0.28149654,3
0,3264,-0.16896947,3
0,3265,-0.065266808,3
0,3266,0.55790055,3
0,3267,-0.49276568,3
0,3268,0.15904454,3
0,3269,-0.089862303,3
0,3270,-0.4742977,3
0,3271,-0.31061278,3
0,3272,0.024008001,3
0,3273,-0.80645081,3
0,3274,-1.1585527,3
0,3275,-0.47445689,3
0,3276,-0.31188692,3
0,3277,0.021997567,3
0,3278,0.65298539,3
0,3279,-0.28635215,3
0,3280,-1.1408391,3
0,3281,-0.41045038,3
0,3282,-0.072595054,3
0,3283,-0.4788452,3
0,3284,-0.95921241,3
0,3285,-0.51526047,3
0,3286,-1.0869169,3
0,3287,-0.78198175,3
0,3288,-0.13841975,3
0,3289,0.18141411,3
0,3290,-0.31050099,3
0,3291,-0.19336406,3
0,3292,-0.220193,3
0,3293,0.28395025,3
0,3294,-0.32612753,3
0,3295,0.49693344,3
0,3296,-1.4000541,3
0,3297,-0.52215619,3
0,3298,-0.48507168,3
0,3299,-0.84675052,3
0,3300,0.17722995,3
0,3301,-0.33219279,3
0,3302,-0.60240288,3
0,3303,-0.80517814,3
0,3304,0.048044171,3
0,3305,-0.302796,3
0,3306,0.019922383,3
0,3307,-1.1454434,3
0,3308,-0.44269311,3
0,3309,-0.19879833,3
0,3310,-0.67522525,3
0,3311,-1.347667,3
0,3312,-0.65174383,3
0,3313,-1.4385763,3
0,3314,-0.97053434,3
0,3315,-0.8531605,3
0,3316,-0.16028965,3
0,3317,-0.36237155,3
0,3318,-1.6014369,3
0,3319,-0.95189057,3
0,3320,-0.96703176,3
0,3321,-0.53914716,3
0,3322,-1.0602374,3
0,3323,-0.86791273,3
0,3324,0.20378343,3
0,3325,-0.7713976,3
0,3326,-0.33574265,3
0,3327,-0.47197176,3
0,3328,-0.19181256,2
0,3329,-0.046090166,2
0,3330,-1.3652374,2
0,3331,-0.90739761,2
0,3332,-0.86673694,2
0,3333,-1.1901317,2
0,3334,-1.1332513,2
0,3335,-0.32619413,2
0,3336,-0.42989176,2
0,3337,-0.37947372,2
0,3338,-0.42582009,2
0,3339,-0.27383201,2
0,3340,-0.5421093,2
0,3341,-0.79264571,2
0,3342,-0.73954924,2
0,3343,-0.39676505,2
0,3344,0.78820313,2
0,3345,-1.0095844,2
0,3346,-1.0214569,2
0,3347,0.26665859,2
0,3348,-0.40838054,2
0,3349,-1.0943337,2
0,3350,-0.92151321,2
0,3351,-0.46141375,2
0,3352,-0.11788893,2
0,3353,-0.80826569,2
0,3354,0.5702656,2
0,3355,-0.93735109,2
0,3356,-0.12921794,2
0,3357,0.67218407,2
0,3358,0.30028264,2
0,3359,-0.22392035,2
0,3360,0.061306283,2
0,3361,0.27272979,2
0,3362,0.76057262,2
0,3363,-0.42186567,2
0,3364,1.0589795,2
0,3365,0.72578815,2
0,3366,0.79048674,2
0,3367,-0.032118388,2
0,3368,0.35129577,2
0,3369,1.1415081,2
0,3370,0.15705084,2
0,3371,0.89759319,2
0,3372,0.057408278,2
0,3373,1.0024135,2
0,3374,0.16678456,2
0,3375,0.57125101,2
0,3376,1.3613683,2
0,3377,0.82747445,2
0,3378,0.73193346,2
0,3379,1.1546761,2
0,3380,2.0413699,2
0,3381,1.6272471,2
0,3382,0.91700658,2
0,3383,0.79848527,2
0,3384,0.77550279,2
0,3385,2.1892254,2
0,3386,1.6797414,2
0,3387,1.6028206,2
0,3388,1.587114,2
0,3389,1.9705002,2
0,3390,2.6496256,2
0,3391,2.7540968,2
0,3392,2.8258981,2
0,3393,1.2836761,2
0,3394,1.4381469,2
0,3395,2.6800459,2
0,3396,2.131806,2
0,3397,2.8742301,2
0,3398,-0.24159697,2
0,3399,-0.63133376,2
0,3400,0.2314321,2
0,3401,-0.72163753,2
0,3402,-1.3465191,2
0,3403,-0.55111404,2
0,3404,-0.1406778,2
0,3405,-0.50672355,2
0,3406,-0.29921359,2
0,3407,-0.44019218,2
0,3408,-0.1946737,2
0,3409,-1.1049204,2
0,3410,-1.0818245,2
0,3411,-0.60656119,2
0,3412,-0.018230952,2
0,3413,-1.1479007,2
0,3414,-0.51634604,2
0,3415,-0.60850863,2
0,3416,-0.16648775,2
0,3417,0.22935373,2
0,3418,0.47883145,2
0,3419,-1.348509,2
0,3420,-0.59054764,2
0,3421,-0.98594824,2
0,3422,-1.4470652,2
0,3423,-0.30716834,2
0,3424,-0.51015645,2
0,3425,-0.81438692,2
0,3426,-0.12271946,2
0,3427,-0.5452598,2
0,3428,-0.67938894,2
0,3429,-1.1722303,2
0,3430,-0.57147522,2
0,3431,-0.04000541,2
0,3432,-0.8270847,2
0,3433,0.035827969,2
0,3434,-0.81619452,2
0,3435,-1.4790771,2
0,3436,-0.3120171,2
0,3437,-0.16361039,2
0,3438,-0.008755673,2
0,3439,-0.9703171,2
0,3440,-1.1436149,2
0,3441,-0.14764036,2
0,3442,-0.84466755,2
0,3443,-0.29179904,2
0,3444,-0.62226572,2
0,3445,0.01125952,2
0,3446,-0.47271566,2
0,3447,-0.34503809,2
0,3448,-0.52733174,2
0,3449,0.094133187,2
0,3450,-0.76664229,2
0,3451,-0.79881009,2
0,3452,-0.74040718,2
0,3453,0.079962035,2
0,3454,-0.64473853,2
0,3455,-0.69925319,2
0,3456,-0.18049272,3
0,3457,-0.98893115,3
0,3458,-0.30170209,3
0,3459,-0.47536458,3
0,3460,-1.1352694,3
0,3461,-0.057289223,3
0,3462,-1.0255147,3
0,3463,-0.35605223,3
0,3464,-1.5512765,3
0,3465,-0.62007436,3
0,3466,0.052447554,3
0,3467,-0.93545785,3
0,3468,0.18916504,3
0,3469,0.032050584,3
0,3470,-0.70081844,3
0,3471,-0.44100229,3
0,3472,-1.2125231,3
0,3473,-0.95469813,3
0,3474,-1.2730096,3
0,3475,-0.22575075,3
0,3476,-0.23167118,3
0,3477,-0.072648984,3
0,3478,-1.1073248,3
0,3479,-0.98843268,3
0,3480,-0.51095916,3
0,3481,-1.2916625,3
0,3482,1.9794876,3
0,3483,2.0700134,3
0,3484,1.0395554,3
0,3485,2.1136449,3
0,3486,1.5694374,3
0,3487,1.8155671,3
0,3488,1.9137555,3
0,3489,2.2225243,3
0,3490,1.1951803,3
0,3491,1.5397679,3
0,3492,2.0773155,3
0,3493,1.8811179,3
0,3494,2.101956,3
0,3495,1.1460387,3
0,3496,1.4100143,3
0,3497,2.7351157,3
0,3498,1.7063369,3
0,3499,1.1589091,3
0,3500,1.2234244,3
0,3501,1.1480847,3
0,3502,1.4269333,3
0,3503,1.0098808,3
0,3504,0.2979778,3
0,3505,1.165856,3
0,3506,1.4423254,3
0,3507,0.64762357,3
0,3508,1.5802814,3
0,3509,1.3805082,3
0,3510,0.24018415,3
0,3511,-0.25211067,3
0,3512,0.22993742,3
0,3513,0.96750387,3
0,3514,0.47643634,3
0,3515,0.82683125,3
0,3516,1.0169161,3
0,3517,0.25028391,3
0,3518,0.78469542,3
0,3519,0.31103807,3
0,3520,0.50064757,3
0,3521,-0.015492703,3
0,3522,0.58123767,3
0,3523,0.17356139,3
0,3524,0.3819802,3
0,3525,-0.61986538,3
0,3526,-0.40260496,3
0,3527,0.018382095,3
0,3528,-0.87388409,3
0,3529,-0.44792596,3
0,3530,-0.50871366,3
0,3531,-0.1905825,3
0,3532,-0.80908417,3
0,3533,-1.4856297,3
0,3534,-0.0063985083,3
0,3535,-0.60871124,3
0,3536,-1.0593947,3
0,3537,-0.53277455,3
0,3538,-0.28891723,3
0,3539,-0.29350139,3
0,3540,-0.48152098,3
0,3541,0.0083014809,3
0,3542,-0.12306698,3
0,3543,-0.22365607,3
0,3544,-1.1988651,3
0,3545,-0.93456559,3
0,3546,-0.48339757,3
0,3547,-0.96904932,3
0,3548,-1.3685497,3
0,3549,-0.21265341,3
0,3550,-1.464681,3
0,3551,-2.0045652,3
0,3552,-0.98808145,3
0,3553,-0.56924622,3
0,3554,-0.8939485,3
0,3555,-0.25888061,3
0,3556,-0.52860515,3
0,3557,0.22083703,3
0,3558,-0.92888178,3
0,3559,0.54073917,3
0,3560,-0.9377794,3
0,3561,-0.64957941,3
0,3562,-0.99414082,3
0,3563,-0.46471923,3
0,3564,-0.5753051,3
0,3565,-0.55556299,3
0,3566,-0.1369316,3
0,3567,-0.83849085,3
0,3568,-0.77773196,3
0,3569,-0.30341656,3
0,3570,-0.65031051,3
0,3571,-0.89793295,3
0,3572,-0.34821985,3
0,3573,0.058047295,3
0,3574,-1.483386,3
0,3575,-0.19411628,3
0,3576,-0.68419541,3
0,3577,0.40438718,3
0,3578,-0.25844245,3
0,3579,-0.13923151,3
0,3580,-0.79976687,3
0,3581,0.019759525,3
0,3582,-0.94213238,3
0,3583,0.013120739,3
0,3584,-0.26588817,3
0,3585,0.013127942,3
0,3586,-1.0288614,3
0,3587,-1.0901081,3
0,3588,-1.8820585,3
0,3589,-0.5655942,3
0,3590,-0.26894619,3
0,3591,-0.99572492,3
0,3592,-0.59731892,3
0,3593,-1.6351115,3
0,3594,-0.08039498,3
0,3595,-0.35296478,3
0,3596,-0.97863246,3
0,3597,-0.93836275,3
0,3598,-0.79700427,3
0,3599,-1.0378784,3
0,3600,-0.22083545,3
0,3601,-0.75256594,3
0,3602,-0.34790408,3
0,3603,-0.54974584,3
0,3604,-0.83989395,3
0,3605,0.16577557,3
0,3606,-0.82058959,3
0,3607,0.17043701,3
0,3608,-0.19562305,3
0,3609,-0.16771651,3
0,3610,-0.018689042,3
0,3611,-1.8193545,3
0,3612,-0.56133501,3
0,3613,-0.2603243,3
0,3614,1.0102741,3
0,3615,1.9958148,3
0,3616,2.0689189,3
0,3617,1.3137435,3
0,3618,2.7682704,3
0,3619,3.0074897,3
0,3620,2.4813077,3
0,3621,1.6712791,3
0,3622,1.8451293,3
0,3623,1.5379286,3
0,3624,2.5794682,3
0,3625,1.7858915,3
0,3626,0.77811844,3
0,3627,1.4365508,3
0,3628,1.3661197,3
0,3629,0.98004482,3
0,3630,1.5519894,3
0,3631,1.5791769,3
0,3632,1.0407761,3
0,3633,0.78035092,3
0,3634,1.2770931,3
0,3635,1.6370519,3
0,3636,0.57035135,3
0,3637,1.2229991,3
0,3638,1.1538672,3
0,3639,0.64676806,3
0,3640,0.97953963,3
0,3641,0.48625305,3
0,3642,0.50274601,3
0,3643,0.47396303,3
0,3644,0.79208774,3
0,3645,1.0965073,3
0,3646,0.17735374,3
0,3647,-0.02494343,3
0,3648,0.74715056,3
0,3649,-0.62621086,3
0,3650,0.75458571,3
0,3651,-0.11655055,3
0,3652,0.35544912,3
0,3653,0.41967301,3
0,3654,0.72632371,3
0,3655,0.050084305,3
0,3656,0.45298782,3
0,3657,0.2426207,3
0,3658,0.77408957,3
0,3659,-0.64985553,3
0,3660,-1.0383237,3
0,3661,0.010781157,3
0,3662,-0.72816293,3
0,3663,0.23004206,3
0,3664,-0.13793002,3
0,3665,0.16797384,3
0,3666,0.53609531,3
0,3667,-0.56608557,3
0,3668,-0.97945765,3
0,3669,-0.55974456,3
0,3670,-0.73210933,3
0,3671,-0.61343642,3
0,3672,-1.1595175,3
0,3673,-1.1583087,3
0,3674,-0.24266225,3
0,3675,-0.41708849,3
0,3676,-0.12098648,3
0,3677,-0.91364668,3
0,3678,-0.88291291,3
0,3679,-0.61192441,3
0,3680,-0.94525603,3
0,3681,-0.57688672,3
0,3682,-0.91880831,3
0,3683,-0.8799629,3
0,3684,-0.68048441,3
0,3685,-1.1576903,3
0,3686,-0.98941468,3
0,3687,-0.50845053,3
0,3688,-0.53246682,3
0,3689,-0.054940746,3
0,3690,-1.4022523,3
0,3691,-0.39745335,3
0,3692,-0.62297756,3
0,3693,1.0150523,3
0,3694,-0.98007014,3
0,3695,-0.41298103,3
0,3696,0.004458699,3
0,3697,-0.11164402,3
0,3698,-0.0022657036,3
0,3699,-0.2210145,3
0,3700,-0.5582054,3
0,3701,-0.67453391,3
0,3702,-0.53106131,3
0,3703,-0.95256615,3
0,3704,-0.43097339,3
0,3705,-0.7367405,3
0,3706,-0.67087228,3
0,3707,-0.6692318,3
0,3708,-1.3499637,3
0,3709,-0.40554432,3
0,3710,-0.93063204,3
0,3711,-0.77730274,3
0,3712,-0.99331525,1
0,3713,-0.86941944,1
0,3714,-0.34513531,1
0,3715,-0.99690263,1
0,3716,-1.7425352,1
0,3717,-1.5874918,1
0,3718,-1.3256724,1
0,3719,-1.4403564,1
0,3720,-1.2479575,1
0,3721,-1.1284271,1
0,3722,-1.2283801,1
0,3723,-1.5300386,1
0,3724,-1.1232394,1
0,3725,-0.74055674,1
0,3726,-1.1127213,1
0,3727,-1.3592374,1
0,3728,-0.96512871,1
0,3729,-1.1010116,1
0,3730,-0.95559012,1
0,3731,-0.89125053,1
0,3732,-1.7253304,1
0,3733,-0.80204541,1
0,3734,-0.90679733,1
0,3735,-1.1915468,1
0,3736,-0.81674442,1
0,3737,-0.88905732,1
0,3738,-0.82516196,1
0,3739,-1.4472326,1
0,3740,0.6910064,1
0,3741,0.68858377,1
0,3742,0.58366106,1
0,3743,0.85555986,1
0,3744,1.1030254,1
0,3745,1.2583014,1
0,3746,1.1672337,1
0,3747,0.91549682,1
0,3748,0.52948368,1
0,3749,0.82609106,1
0,3750,1.0162801,1
0,3751,0.89997316,1
0,3752,0.92021327,1
0,3753,0.62249335,1
0,3754,0.34791477,1
0,3755,0.83031441,1
0,3756,1.1259322,1
0,3757,0.89458992,1
0,3758,1.0507245,1
0,3759,0.87218722,1
0,3760,1.0804476,1
0,3761,1.2956721,1
0,3762,0.53001033,1
0,3763,0.51094571,1
0,3764,0.5403258,1
0,3765,1.2226683,1
0,3766,1.1324517,1
0,3767,0.65389235,1
0,3768,1.0042315,1
0,3769,0.48009269,1
0,3770,0.84074081,1
0,3771,1.5652768,1
0,3772,0.82850945,1
0,3773,1.0977412,1
0,3774,1.0064765,1
0,3775,0.81694658,1
0,3776,0.5472651,1
0,3777,0.2890393,1
0,3778,0.77089542,1
0,3779,0.63850346,1
0,3780,0.51423648,1
0,3781,1.1087905,1
0,3782,0.64572451,1
0,3783,0.95856423,1
0,3784,1.0223428,1
0,3785,0.7961917,1
0,3786,1.0128395,1
0,3787,1.4103904,1
0,3788,0.42841327,1
0,3789,0.69654772,1
0,3790,0.71962016,1
0,3791,0.41732416,1
0,3792,0.88260555,1
0,3793,1.1400573,1
0,3794,1.587843,1
0,3795,1.3297604,1
0,3796,1.251566,1
0,3797,0.55293607,1
0,3798,1.1342261,1
0,3799,1.2679424,1
0,3800,0.83754173,1
0,3801,1.1141439,1
0,3802,0.4057268,1
0,3803,1.1670415,1
0,3804,0.32157638,1
0,3805,0.38995827,1
0,3806,0.68733026,1
0,3807,0.85897314,1
0,3808,1.5531322,1
0,3809,-0.74530347,1
0,3810,-1.0565726,1
0,3811,-0.71709464,1
0,3812,-0.97293723,1
0,3813,-1.2045143,1
0,3814,-1.1297703,1
0,3815,-1.0605064,1
0,3816,-0.83042165,1
0,3817,-0.917643,1
0,3818,-0.84730283,1
0,3819,-0.79779742,1
0,3820,-1.6820651,1
0,3821,-0.68949721,1
0,3822,-1.0339823,1
0,3823,-0.8908132,1
0,3824,-0.64021358,1
0,3825,-0.84529122,1
0,3826,-1.0201387,1
0,3827,-0.40586891,1
0,3828,-0.73054385,1
0,3829,-1.1521869,1
0,3830,-0.85923243,1
0,3831,-1.0586327,1
0,3832,-0.11725252,1
0,3833,-1.2548128,1
0,3834,-0.48167128,1
0,3835,-1.2181962,1
0,3836,-1.2254463,1
0,3837,-1.1708605,1
0,3838,-1.3251094,1
0,3839,-0.89458237,1
